"Ano","UF","Pop_Idade_Trab","Pop_Forca_Trab","Pop_Ocup","Pop_Ocup_Trab_Form","Pop_Desoc","Pop_Forca_Trab_Pot","Pop_Subut","Tx_Particp","Nivel_Ocup","Tx_Form","Tx_Desoc","Tx_Compo_Subut","Rend_Med_Trab_Princ","Rend_Med_Todos_Trab","Rend_Hora_Med_Trab_Princ","Rend_Hora_Med_Todos_Trab","Total_1000_Pess_Ocup","Homens","Mulheres","Branca","PretaParda","X14a29","X30a49","X50a59","X60oumais","Sem_Instr_Fund_Incomp","Fund_Comp_Med_Incomp","Med_Comp_Sup_Incomp","Sup_Completo","Ate14h","De15a30h","De31a39h","De40a44h","De45a48h","X49ouMais","Rend_Dom_Percap_Medio","Rend_Dom_Percap_Mediano","Rend_Dom_Percap_Medio_H","Rend_Dom_Percap_Mediano_H","Rend_Dom_Percap_Medio_M","Rend_Dom_Percap_Mediano_M","Rend_Dom_Percap_Medio_Branca","Rend_Dom_Percap_Mediano_Branca","Rend_Dom_Percap_Medio_Parda","Rend_Dom_Percap_Mediano_Parda","Rend_Dom_Percap_Medio_Preta","Rend_Dom_Percap_Mediano_Preta","Rend_Dom_Percap_Medio_PretaParda","Rend_Dom_Percap_Mediano_PretaParda","Total_Pess","Sem_Rend","MaisdeZeroate1quarto","Maisde1quartoate1meio","Maisde1meioate1","Maisde1a2","Maisde2a3","Maisde3a5","Maisde5","Canada_Quebec_Dolar","Canada_Quebec_Euro","Switzerland_Dolar","Switzerland_Euro","China_Dolar","China_Euro","Europe_Dolar","Europe_Euro","United_Kingdom_Dolar","United_Kingdom_Euro","South_Korea_Dolar","South_Korea_Euro","New_Zealand_Dolar","New_Zealand_Euro","USA_California_Dolar","USA_California_Euro"
2012,11,1208,787,742,394,45,44,134,65.1,61.4,53.1,5.7,16.2,1876,1938,11.6,11.6,742,61.7,38.3,32.6,66.9,36,48.5,10.8,4.7,38.4,21.7,30,9.9,6.1,17.2,6.8,38.1,15.9,15.9,1023,671,1049,680,996,665,1264,796,884,621,1037,798,902,631,1628,1,12.6,25.4,31.3,20.6,4.5,2.6,2,NA,NA,NA,NA,NA,NA,8.566947579,6.53,NA,NA,NA,NA,2.245845789,1.711855112,10.09,7.865773715
2012,12,538,326,296,135,30,32,85,60.5,55,45.7,9.1,23.8,1933,2017,12,12,296,59.8,40.2,23,76.5,35.6,48.3,10.9,5.2,37.7,17.1,32.4,12.8,3.8,19.2,7,35,19.5,15.4,891,477,921,487,862,475,1209,572,786,457,859,523,790,459,777,1.5,24.5,27,24.4,13.9,4.7,2.5,1.5,NA,NA,NA,NA,NA,NA,8.566947579,6.53,NA,NA,NA,NA,2.245845789,1.711855112,10.09,7.865773715
2012,13,2489,1566,1414,617,152,105,335,62.9,56.8,43.6,9.7,20,2056,2118,12,12,1414,62.1,37.9,21.1,76.9,35.9,47.1,12.1,4.9,36.7,15.5,38.1,9.7,2.6,19.8,7.6,30.9,20.9,18.2,964,492,979,492,950,491,1672,737,787,463,860,581,789,465,3537,1.4,23.6,27.5,26.1,13.3,3.1,2.6,2.3,NA,NA,NA,NA,NA,NA,8.566947579,6.53,NA,NA,NA,NA,2.245845789,1.711855112,10.09,7.865773715
2012,14,298,193,178,90,15,18,44,64.8,59.7,50.7,8,20.8,2361,2494,15.4,15.4,178,59.7,40.3,23,74.7,37.2,50.3,8.8,3.7,24.2,14.7,44.9,16.2,2.7,25.5,6.1,36.1,14.6,14.9,1190,673,1192,680,1188,668,1888,1098,1012,604,1230,569,1027,602,427,1.5,13.3,25.8,27.6,18.1,6.2,4.6,2.9,NA,NA,NA,NA,NA,NA,8.566947579,6.53,NA,NA,NA,NA,2.245845789,1.711855112,10.09,7.865773715
2012,15,5647,3547,3286,1143,261,403,1036,62.8,58.2,34.8,7.4,26.2,1611,1685,10.1,10.1,3286,61.5,38.5,19.6,79.8,36.8,46.8,11.4,5,44.7,17.9,30.1,7.3,6.9,22.6,7.2,28.9,16.3,18.1,825,487,835,487,815,487,1169,629,734,457,806,513,740,461,7910,0.7,23,29.8,26.3,13.4,3.3,2.1,1.3,NA,NA,NA,NA,NA,NA,8.566947579,6.53,NA,NA,NA,NA,2.245845789,1.711855112,10.09,7.865773715
2012,16,497,325,282,135,43,20,76,65.4,56.7,48,13.3,22.1,1999,2046,12.2,12.2,282,59.1,40.9,17.5,82,34.5,51.2,10.8,3.6,30.4,16.1,40,13.6,3,20.6,7.4,29.5,22.8,16.7,909,509,937,510,882,504,1321,625,816,486,949,554,827,487,721,0.6,19.8,30.8,25.4,14,5.1,3.1,1.2,NA,NA,NA,NA,NA,NA,8.566947579,6.53,NA,NA,NA,NA,2.245845789,1.711855112,10.09,7.865773715
2012,17,1046,646,595,262,51,51,148,61.8,56.9,44.1,7.9,21.2,1801,1838,11,11,595,61.7,38.3,25.2,74,36.4,48.4,10.6,4.5,34.5,17.4,35.8,12.4,4,15.9,6.6,42,17.6,13.9,912,556,925,578,899,536,1399,813,772,508,730,495,768,508,1436,0.7,17.3,29.2,29.3,15.1,3.8,3.2,1.4,NA,NA,NA,NA,NA,NA,8.566947579,6.53,NA,NA,NA,NA,2.245845789,1.711855112,10.09,7.865773715
2012,21,4841,2718,2504,830,215,256,723,56.2,51.7,33.1,7.9,24.3,1164,1211,7.9,7.9,2504,61.8,38.2,19.3,80.3,37.2,45.8,11.7,5.2,45.5,17.5,30.6,6.5,6.2,25.3,7.7,32.4,16,12.4,584,391,585,389,584,392,779,476,536,374,551,385,537,374,6764,1.3,31.2,31,24.7,8.9,1.5,1,0.5,NA,NA,NA,NA,NA,NA,8.566947579,6.53,NA,NA,NA,NA,2.245845789,1.711855112,10.09,7.865773715
2012,22,2466,1416,1331,470,85,224,524,57.4,54,35.3,6,31.9,1188,1270,8.1,8.2,1331,58.7,41.3,21.4,78.6,33.6,47,13.1,6.2,48,16.2,26.6,9.2,8.8,24.6,7.6,34.3,11.5,13.2,720,482,725,481,716,482,879,540,680,466,656,504,678,471,3207,0.3,24.9,28.9,29.5,11.8,2.2,1.4,0.9,NA,NA,NA,NA,NA,NA,8.566947579,6.53,NA,NA,NA,NA,2.245845789,1.711855112,10.09,7.865773715
2012,23,6654,3686,3397,1384,289,473,1141,55.4,51.1,40.7,7.8,27.4,1496,1527,9.4,9.4,3397,59.8,40.2,30,69.6,35.6,46.7,11.8,5.9,40,17.9,32.7,9.4,5.9,18.9,6.5,35.6,17.2,15.9,811,479,802,475,820,482,1091,600,690,429,665,443,689,431,8716,0.7,24.9,29.5,27.2,11,2.8,2.5,1.4,NA,NA,NA,NA,NA,NA,8.566947579,6.53,NA,NA,NA,NA,2.245845789,1.711855112,10.09,7.865773715
2012,24,2533,1443,1287,627,156,162,459,57,50.8,48.7,10.8,28.6,1501,1551,10.2,10.1,1287,61.1,38.9,40.5,59.2,36.6,47.3,10.9,5.1,40.6,16.7,33.2,9.4,7.4,21,7,35,15.2,14.4,831,522,843,527,819,520,1009,603,707,488,700,503,707,489,3299,0.5,19.6,30,30.7,13.5,2.7,1.8,1.3,NA,NA,NA,NA,NA,NA,8.566947579,6.53,NA,NA,NA,NA,2.245845789,1.711855112,10.09,7.865773715
2012,25,2954,1656,1497,595,159,212,590,56.1,50.7,39.8,9.6,31.6,1334,1402,9,9,1497,61.1,38.9,33.1,65.9,33.1,47.8,13,6.1,48.2,13.6,28.5,9.6,6.8,22.5,7.2,30.5,15.8,17.2,787,486,780,477,793,494,1004,589,672,450,732,482,676,451,3850,0.8,23.4,29,28.7,12.7,2.3,1.6,1.4,NA,NA,NA,NA,NA,NA,8.566947579,6.53,NA,NA,NA,NA,2.245845789,1.711855112,10.09,7.865773715
2012,26,6924,3842,3486,1661,356,347,1004,55.5,50.4,47.6,9.3,24,1780,1830,11.2,11.2,3486,60.3,39.7,34.9,64.5,33.3,47.9,13.4,5.4,40.3,15,32.7,12.1,4.5,20.8,7.2,33.8,17.6,16,920,487,903,488,936,487,1340,644,702,430,793,499,710,437,9060,1.2,21.6,30.4,26.8,12,3.1,2.4,2.4,NA,NA,NA,NA,NA,NA,8.566947579,6.53,NA,NA,NA,NA,2.245845789,1.711855112,10.09,7.865773715
2012,27,2400,1245,1103,578,142,129,344,51.9,46,52.4,11.4,25,1409,1430,9.2,9.2,1103,63.4,36.6,23.7,75.8,34.4,49.9,11.6,4.1,46,16.4,28.2,9.4,4.2,20.5,6.2,37.4,19.1,12.6,686,449,682,445,689,453,898,501,613,424,684,469,617,425,3221,1.6,24,33.7,26.2,10.1,2.4,1.2,0.8,NA,NA,NA,NA,NA,NA,8.566947579,6.53,NA,NA,NA,NA,2.245845789,1.711855112,10.09,7.865773715
2012,28,1639,1001,897,397,103,115,339,61,54.7,44.3,10.3,30.4,1632,1719,11,11.1,897,60.2,39.8,25.5,74.2,35,47.5,13,4.6,44.8,14.8,29.9,10.5,7,25.4,7.5,29.1,13.9,17.2,950,496,969,499,932,490,1319,656,817,466,857,519,821,471,2149,1.3,20.9,29.7,26.8,11.4,4.2,3.1,2.4,NA,NA,NA,NA,NA,NA,8.566947579,6.53,NA,NA,NA,NA,2.245845789,1.711855112,10.09,7.865773715
2012,29,11029,6888,6105,2449,782,761,2497,62.5,55.4,40.1,11.4,32.6,1438,1516,9.6,9.7,6105,59.2,40.8,19.8,79.5,33.6,48.2,12.7,5.5,43.7,14.7,33,8.6,7.8,19.7,6.4,34.8,15.8,15.5,854,477,858,481,850,470,1198,570,753,448,821,507,768,461,14410,1.1,24.2,29.1,26.9,11.7,3.3,1.8,2,NA,NA,NA,NA,NA,NA,8.566947579,6.53,NA,NA,NA,NA,2.245845789,1.711855112,10.09,7.865773715
2012,31,16082,10297,9602,5751,695,530,1924,64,59.7,59.9,6.7,17.8,1916,2010,11.9,11.9,9602,58.3,41.7,45.2,54.4,33,47.5,13.9,5.6,37.1,17.4,32.8,12.6,4.1,15.1,6,39.7,17.9,17.2,1240,809,1260,828,1220,795,1604,974,963,678,876,674,950,678,20213,0.8,9.1,20.6,33.7,23.7,6.1,3.3,2.6,NA,NA,NA,NA,NA,NA,8.566947579,6.53,NA,NA,NA,NA,2.245845789,1.711855112,10.09,7.865773715
2012,32,2916,1951,1806,1082,145,63,291,66.9,61.9,59.9,7.4,14.4,1993,2058,12,12,1806,57.7,42.3,42.5,57.1,33.6,47.7,13.8,4.9,33.4,18.1,36.5,12.1,2.8,15.2,5.7,40.3,20.2,15.9,1259,815,1284,829,1234,804,1583,963,1043,728,933,675,1027,715,3685,0.9,7.6,20.5,34.5,22.6,7.1,4.3,2.6,NA,NA,NA,NA,NA,NA,8.566947579,6.53,NA,NA,NA,NA,2.245845789,1.711855112,10.09,7.865773715
2012,33,13384,8153,7538,5126,616,218,1110,60.9,56.3,68,7.6,13.3,2426,2496,15.1,15.2,7538,57.4,42.6,46.5,53.1,28,49.2,16.4,6.3,24.9,18.4,40.3,16.4,3,13.2,6.4,40.4,19.7,17.3,1560,948,1579,952,1543,935,2145,1174,1103,780,1015,720,1080,766,16496,1.2,6.1,18.5,31.1,24.9,7.6,5.7,4.9,NA,NA,NA,NA,NA,NA,8.566947579,6.53,NA,NA,NA,NA,2.245845789,1.711855112,10.09,7.865773715
2012,35,34886,22639,21001,14919,1638,832,3339,64.9,60.2,71,7.2,14.2,2844,2914,16.8,16.8,21001,57.1,42.9,64.4,34.3,32.2,48.1,14,5.7,21.6,16.9,41.4,20.1,3,11,5.8,43,20.7,16.6,1805,1098,1844,1119,1768,1080,2150,1274,1133,863,1152,905,1136,872,43071,1.2,3,13.4,29.9,30.8,10,6.1,5.6,NA,NA,NA,NA,NA,NA,8.566947579,6.53,NA,NA,NA,NA,2.245845789,1.711855112,10.09,7.865773715
2012,41,8609,5744,5455,3665,289,222,809,66.7,63.4,67.2,5,13.6,2347,2439,14.2,14.3,5455,57,43,70.8,28.1,33.9,46.1,14.4,5.6,30.2,19.9,34.5,15.3,4.1,12.3,5.4,44.6,16.2,17.3,1525,988,1547,996,1504,979,1709,1112,1027,772,1212,945,1047,789,10801,0.7,4.2,15.7,32.1,29.6,9.1,4.8,3.6,NA,NA,NA,NA,NA,NA,8.566947579,6.53,NA,NA,NA,NA,2.245845789,1.711855112,10.09,7.865773715
2012,42,5227,3492,3374,2527,118,73,315,66.8,64.6,74.9,3.4,8.8,2428,2491,14.3,14.4,3374,56.4,43.6,86.8,13,35.2,48,12.8,4,27.9,21.5,36.1,14.5,2.8,11.8,4.7,49.3,15.2,16.2,1608,1148,1633,1162,1584,1130,1693,1205,1065,822,1096,851,1071,829,6517,0.6,2.8,11,29.9,35.2,11,6.2,3.1,NA,NA,NA,NA,NA,NA,8.566947579,6.53,NA,NA,NA,NA,2.245845789,1.711855112,10.09,7.865773715
2012,43,8886,5779,5468,3634,311,202,825,65,61.5,66.5,5.4,13.8,2438,2525,14.4,14.5,5468,56.6,43.4,84.6,15.2,31.3,46.4,16,6.3,33.1,18.8,34.8,13.3,4.1,14.2,5.6,42.7,14.5,18.9,1651,1041,1657,1041,1645,1038,1777,1108,1003,723,1034,787,1013,741,10991,0.6,4.2,14.5,31.3,30.3,9,5.7,4.5,NA,NA,NA,NA,NA,NA,8.566947579,6.53,NA,NA,NA,NA,2.245845789,1.711855112,10.09,7.865773715
2012,50,1910,1257,1180,711,77,68,218,65.8,61.8,60.3,6.1,16.5,2189,2259,13.7,13.7,1180,59.7,40.3,47.3,50.9,35.2,48,11.7,5,37.9,18.7,30.9,12.4,4.1,13.8,5.4,40.9,18.1,17.8,1301,864,1342,890,1258,837,1590,983,1026,758,1145,794,1041,766,2492,0.5,5.2,19.9,35.9,25.6,6.4,4.2,2.3,NA,NA,NA,NA,NA,NA,8.566947579,6.53,NA,NA,NA,NA,2.245845789,1.711855112,10.09,7.865773715
2012,51,2401,1556,1476,871,80,55,200,64.8,61.5,59,5.1,12.4,2269,2329,13.3,13.3,1476,62.4,37.6,36,63.1,33.9,48.7,12.7,4.7,33.5,20.5,33.5,12.5,3.4,14,5.2,43,17.1,17.3,1300,843,1356,876,1244,816,1777,1015,1038,736,1004,793,1034,743,3135,0.8,6.1,19.1,36.5,24.5,6,4,3,NA,NA,NA,NA,NA,NA,8.566947579,6.53,NA,NA,NA,NA,2.245845789,1.711855112,10.09,7.865773715
2012,52,4877,3241,3077,1774,164,128,442,66.4,63.1,57.6,5,13.1,2159,2222,13.2,13.2,3077,59,41,36.6,63.2,34.9,49.2,11.5,4.4,32.6,20.8,34.8,11.8,3.1,14.3,6.3,39.2,19.9,17.1,1291,861,1330,897,1253,839,1640,995,1083,788,996,760,1076,786,6312,0.6,4.7,21.1,35.2,25.4,6.8,3.7,2.4,NA,NA,NA,NA,NA,NA,8.566947579,6.53,NA,NA,NA,NA,2.245845789,1.711855112,10.09,7.865773715
2012,53,2135,1446,1317,957,129,52,227,67.7,61.7,72.7,8.9,15.2,4113,4246,25.7,25.9,1317,53.7,46.3,40.9,58.2,31.5,51.1,13,4.4,19.9,14,38.7,27.5,2.7,13.5,9.3,44.2,19,11.3,2609,1143,2624,1156,2597,1133,3696,1741,1823,956,1722,883,1809,934,2716,1.1,4.3,15,26.1,21,9.8,9.1,13.7,NA,NA,NA,NA,NA,NA,8.566947579,6.53,NA,NA,NA,NA,2.245845789,1.711855112,10.09,7.865773715
2013,11,1253,791,750,414,41,36,112,63.1,59.8,55.2,5.2,13.5,1902,1947,11.6,11.6,750,63.5,36.5,33.6,65.7,36.3,47,12.8,4,39.9,19.3,30.5,10.3,4.9,17,6.2,41.1,17.6,13.2,1019,703,1047,711,988,692,1250,839,892,642,980,710,900,646,1647,1.6,11.9,23,33.3,21.2,4.7,2.8,1.5,10.10419065,7.373384114,NA,NA,NA,NA,6.7284676,4.91,NA,NA,NA,NA,2.591952604,1.891439187,11.48,8.508175373
2013,12,549,325,297,131,28,32,78,59.1,54.1,44.1,8.5,21.9,1827,1895,11.5,11.5,297,62.2,37.8,21.8,77.7,35.4,48.4,11.6,4.6,39.3,17.3,31.4,12,4.1,18.3,7.4,38.3,19.1,12.8,880,492,896,497,863,490,1265,625,771,473,805,503,773,475,790,1.7,23.9,26.4,25.8,14.8,3.5,2.2,1.6,10.10419065,7.373384114,NA,NA,NA,NA,6.7284676,4.91,NA,NA,NA,NA,2.591952604,1.891439187,11.48,8.508175373
2013,13,2540,1638,1476,655,162,70,306,64.5,58.1,44.4,9.9,17.9,2021,2094,13.4,13.4,1476,61.4,38.6,17.3,81.2,34.6,48,12.1,5.2,34.5,14.8,39.8,10.9,2.9,21.1,7.2,34.6,18.7,15.5,953,498,977,515,929,488,1951,722,751,475,848,529,754,476,3601,1.1,21.8,29.3,28.2,11.6,3.4,2.5,2.3,10.10419065,7.373384114,NA,NA,NA,NA,6.7284676,4.91,NA,NA,NA,NA,2.591952604,1.891439187,11.48,8.508175373
2013,14,310,205,189,93,16,22,51,66.1,61,49.2,7.8,22.6,2376,2488,16.1,15.9,189,59.5,40.5,23.8,73.1,37.2,48.9,10.4,3.5,25.9,17.1,39.4,17.5,5.2,22.5,7.1,37.2,13.4,14.6,1219,663,1260,674,1179,633,1772,945,1091,596,937,702,1077,605,436,0.5,12.4,28.3,26.8,18.9,6.1,4.2,2.8,10.10419065,7.373384114,NA,NA,NA,NA,6.7284676,4.91,NA,NA,NA,NA,2.591952604,1.891439187,11.48,8.508175373
2013,15,5804,3593,3338,1169,255,347,880,61.9,57.5,35,7.1,22.3,1589,1642,10.6,10.6,3338,62.3,37.7,19.3,80.3,35.4,47.8,11.7,5.1,44.7,18.2,29.1,8,6.5,24.1,7.3,30.3,15.5,16.3,823,487,826,490,821,482,1218,632,718,464,754,477,721,466,8002,0.7,22.4,30,28.5,12.1,3.1,1.8,1.4,10.10419065,7.373384114,NA,NA,NA,NA,6.7284676,4.91,NA,NA,NA,NA,2.591952604,1.891439187,11.48,8.508175373
2013,16,536,338,295,149,42,21,85,63,55.1,50.4,12.5,23.7,2169,2209,12.9,12.9,295,61.8,38.2,20.4,79.4,32.3,51.8,12.1,3.8,27.8,18.1,39.2,14.9,2.1,19.6,11.2,32.4,19.6,15.2,1000,575,1029,621,971,542,1397,749,931,562,759,503,903,546,738,1.2,14,29.7,26.4,18.7,5.5,2.9,1.6,10.10419065,7.373384114,NA,NA,NA,NA,6.7284676,4.91,NA,NA,NA,NA,2.591952604,1.891439187,11.48,8.508175373
2013,17,1071,653,607,265,46,65,170,60.9,56.6,43.6,7.1,23.7,1800,1839,11.3,11.4,607,61.7,38.3,20.2,79.4,35,48.9,10.9,5.2,32.9,18,36.6,12.5,5,19,6.6,39.4,17.3,12.6,934,569,980,588,887,560,1319,712,840,536,747,489,831,531,1453,0.9,15.8,29.8,31.2,14.8,3.8,2,1.7,10.10419065,7.373384114,NA,NA,NA,NA,6.7284676,4.91,NA,NA,NA,NA,2.591952604,1.891439187,11.48,8.508175373
2013,21,4905,2724,2502,825,222,268,709,55.5,51,33,8.1,23.7,1238,1270,8.1,8.1,2502,62,38,19.9,79.7,36,46.6,12.1,5.2,43.2,17.2,31.4,8.1,5,24.7,7.2,36.7,15.7,10.7,601,403,611,409,592,400,785,497,563,385,511,370,555,383,6799,1.7,29.3,30.6,26,9.7,1.5,0.7,0.5,10.10419065,7.373384114,NA,NA,NA,NA,6.7284676,4.91,NA,NA,NA,NA,2.591952604,1.891439187,11.48,8.508175373
2013,22,2474,1473,1364,505,109,234,575,59.5,55.1,37.1,7.4,33.7,1390,1507,9.3,9.4,1364,59.8,40.2,22.7,77.2,32,47.2,13.7,7.2,46.8,15.8,25.8,11.6,10.1,25,7.7,33.8,11,12.3,869,520,876,532,862,513,1212,687,768,484,747,529,766,485,3212,0.2,21.7,28.3,29.6,13.2,3.5,1.6,1.9,10.10419065,7.373384114,NA,NA,NA,NA,6.7284676,4.91,NA,NA,NA,NA,2.591952604,1.891439187,11.48,8.508175373
2013,23,6775,3795,3502,1444,293,406,1028,56,51.7,41.2,7.7,24.5,1510,1554,9.3,9.3,3502,59.2,40.8,29.8,70,36.2,45.7,12.4,5.6,37.9,18.7,33.5,9.9,5.6,19,6,38.7,16.1,14.7,838,509,844,512,833,505,1211,660,686,473,652,508,684,478,8781,1,23.9,26.2,29.8,12.7,2.7,2.1,1.5,10.10419065,7.373384114,NA,NA,NA,NA,6.7284676,4.91,NA,NA,NA,NA,2.591952604,1.891439187,11.48,8.508175373
2013,24,2588,1484,1324,640,161,156,454,57.3,51.1,48.4,10.8,27.7,1556,1630,10.2,10.3,1324,60.4,39.6,38.8,61.1,33.3,50,12.6,4.1,40.2,15.2,33.8,10.8,6.7,20.6,7.7,35.8,15.1,14.1,890,558,903,566,877,552,1058,663,770,514,936,668,779,519,3331,0.6,17.7,28.3,31.4,14.5,3.5,2.5,1.4,10.10419065,7.373384114,NA,NA,NA,NA,6.7284676,4.91,NA,NA,NA,NA,2.591952604,1.891439187,11.48,8.508175373
2013,25,2940,1671,1517,591,154,272,674,56.8,51.6,39,9.2,34.7,1344,1420,9.6,9.7,1517,61.2,38.8,34.9,64.7,34.6,46.2,13.1,6.2,47.7,14.9,27.3,10.1,9.8,21,6.6,32,15.3,15.3,813,503,808,503,816,505,998,564,700,481,772,512,704,483,3868,0.7,21.6,29.6,29.4,12.4,3.2,1.7,1.4,10.10419065,7.373384114,NA,NA,NA,NA,6.7284676,4.91,NA,NA,NA,NA,2.591952604,1.891439187,11.48,8.508175373
2013,26,7063,3844,3506,1692,337,285,849,54.4,49.6,48.3,8.8,20.6,1913,1971,12,12,3506,60.8,39.2,34.5,65.1,32.2,48.4,13.7,5.6,38.7,15.5,33.3,12.5,4.1,18.8,7.2,39.5,18.3,12.2,987,537,1011,540,964,534,1392,674,780,489,800,512,782,490,9129,1.5,19.5,27.9,28.8,14,3.1,2.3,2.9,10.10419065,7.373384114,NA,NA,NA,NA,6.7284676,4.91,NA,NA,NA,NA,2.591952604,1.891439187,11.48,8.508175373
2013,27,2412,1257,1127,554,130,118,333,52.1,46.7,49.2,10.3,24.2,1420,1464,9.3,9.3,1127,63.3,36.7,23.8,75.9,33.2,50,12.2,4.6,47.4,15.8,27.8,9,4.3,23.1,6.3,37.8,18.5,10,692,435,705,434,680,436,903,542,626,404,653,407,628,405,3238,1.1,25.8,32.2,26.6,9.2,2.7,1.5,1,10.10419065,7.373384114,NA,NA,NA,NA,6.7284676,4.91,NA,NA,NA,NA,2.591952604,1.891439187,11.48,8.508175373
2013,28,1646,983,883,417,100,110,323,59.7,53.6,47.2,10.2,29.6,1693,1810,11.2,11.3,883,58.3,41.7,25.5,73.9,34.8,49,12.4,3.8,44.7,14.2,30,11,5.7,24.5,8,33.1,14.4,14.4,979,501,992,501,967,502,1508,625,794,481,787,501,793,482,2171,1,21,29.5,26.8,12.4,4.2,2.8,2.3,10.10419065,7.373384114,NA,NA,NA,NA,6.7284676,4.91,NA,NA,NA,NA,2.591952604,1.891439187,11.48,8.508175373
2013,29,11102,6882,6091,2611,791,738,2303,62,54.9,42.9,11.5,30.2,1491,1558,10.2,10.3,6091,59,41,19.6,79.8,32.1,49.9,12.4,5.5,41.6,14.7,34.8,8.9,7.8,20.7,6.5,37.5,14.6,12.9,862,511,883,516,843,505,1238,636,760,479,806,564,770,488,14477,1,21.7,28.4,29.3,12,3.6,2.5,1.5,10.10419065,7.373384114,NA,NA,NA,NA,6.7284676,4.91,NA,NA,NA,NA,2.591952604,1.891439187,11.48,8.508175373
2013,31,16313,10549,9815,5991,734,491,1837,64.7,60.2,61,7,16.6,1993,2067,12.2,12.2,9815,58.2,41.8,43.4,56.4,32.7,46.7,14.5,6.1,36.2,18.1,33.4,12.3,4,15.5,6.6,41,17.5,15.4,1293,868,1326,886,1261,848,1682,1007,1011,738,934,746,999,741,20339,0.6,7.9,19.4,34.2,25,6.1,3.8,3,10.10419065,7.373384114,NA,NA,NA,NA,6.7284676,4.91,NA,NA,NA,NA,2.591952604,1.891439187,11.48,8.508175373
2013,32,2969,1946,1814,1081,132,51,237,65.5,61.1,59.6,6.8,11.9,2145,2214,13,13.1,1814,59.6,40.4,41,58.5,33.1,47.7,14.6,4.6,34.1,16.9,36.5,12.5,2.4,14,5.6,45.8,19.2,13.1,1299,833,1331,854,1266,804,1714,1016,1024,719,1019,728,1023,720,3732,1,7.2,21.1,32.9,23.9,6.5,4.5,2.9,10.10419065,7.373384114,NA,NA,NA,NA,6.7284676,4.91,NA,NA,NA,NA,2.591952604,1.891439187,11.48,8.508175373
2013,33,13512,8128,7564,5238,564,151,892,60.2,56,69.3,6.9,10.8,2514,2567,15.4,15.5,7564,57,43,45.8,54,27.8,49.6,16,6.7,23.7,18,41.1,17.2,2.5,13.1,6,42.8,21.5,14.1,1565,969,1597,986,1537,953,2110,1167,1121,792,1101,806,1116,794,16607,1.3,5.6,16.8,31.9,26,8.2,5.6,4.5,10.10419065,7.373384114,NA,NA,NA,NA,6.7284676,4.91,NA,NA,NA,NA,2.591952604,1.891439187,11.48,8.508175373
2013,35,35319,23209,21461,15582,1748,613,3216,65.7,60.8,72.6,7.5,13.5,2940,3024,17.6,17.7,21461,56.2,43.8,63.5,35,30.8,48.6,14.7,5.9,21.1,16.9,41.4,20.6,2.8,11.1,5.6,44.1,20.8,15.6,1867,1130,1907,1153,1830,1108,2206,1292,1153,892,1294,980,1178,915,43502,0.9,2.9,12.7,29.3,31,9.9,7.6,5.7,10.10419065,7.373384114,NA,NA,NA,NA,6.7284676,4.91,NA,NA,NA,NA,2.591952604,1.891439187,11.48,8.508175373
2013,41,8661,5791,5542,3807,249,172,652,66.9,64,68.7,4.3,10.9,2507,2575,14.9,14.9,5542,57.5,42.5,68.8,30.1,32.9,47.6,14,5.6,29,19.6,35.1,16.4,3.4,12.4,5.4,47.9,16,14.9,1570,1026,1609,1049,1532,1007,1757,1140,1103,847,1265,983,1118,860,10887,0.6,4.4,14,31.9,30,9.3,5.6,4.2,10.10419065,7.373384114,NA,NA,NA,NA,6.7284676,4.91,NA,NA,NA,NA,2.591952604,1.891439187,11.48,8.508175373
2013,42,5338,3501,3380,2587,121,61,238,65.6,63.3,76.5,3.4,6.7,2523,2568,15.2,15.2,3380,56.8,43.2,86.2,13.6,34.7,47.9,13,4.4,25.5,22.4,36.6,15.5,2.2,11.7,4.1,54,13.8,14.3,1650,1200,1671,1207,1629,1190,1745,1257,1061,891,1218,971,1086,907,6606,0.5,2,10.4,29.3,37.2,11,6.2,3.4,10.10419065,7.373384114,NA,NA,NA,NA,6.7284676,4.91,NA,NA,NA,NA,2.591952604,1.891439187,11.48,8.508175373
2013,43,9019,5982,5681,3831,300,183,773,66.3,63,67.4,5,12.5,2465,2561,14.8,14.9,5681,56.2,43.8,85.3,14.4,31.2,46.6,16,6.2,31.3,19.1,35.8,13.7,4,14,5.4,43,15.1,18.5,1727,1132,1761,1141,1695,1124,1840,1202,1083,787,1203,975,1120,842,11039,0.5,3.2,12.4,29.6,33.1,9.8,6.5,5,10.10419065,7.373384114,NA,NA,NA,NA,6.7284676,4.91,NA,NA,NA,NA,2.591952604,1.891439187,11.48,8.508175373
2013,50,1926,1278,1219,754,59,51,168,66.4,63.3,61.9,4.6,12.7,2186,2298,14,14.2,1219,58.4,41.6,44.4,54.4,33.5,48.9,12.3,5.2,36,18.2,32.6,13.2,4.8,13.5,5.9,40.9,19.5,15.4,1352,899,1409,941,1297,876,1651,1018,1092,799,1066,795,1090,798,2523,0.4,4.4,19.5,35.1,26.5,7.6,3.8,2.9,10.10419065,7.373384114,NA,NA,NA,NA,6.7284676,4.91,NA,NA,NA,NA,2.591952604,1.891439187,11.48,8.508175373
2013,51,2471,1645,1572,929,73,51,169,66.6,63.6,59.1,4.4,10,2298,2337,13.7,13.7,1572,61,39,35.6,63.7,34.6,47.8,12.6,5,32.2,20.5,33.2,14.1,2.9,14.7,5.6,44.9,17.4,14.4,1353,955,1385,973,1321,931,1736,1123,1144,860,1099,900,1138,861,3174,0.7,5,16.3,34,29,7.8,4.6,2.7,10.10419065,7.373384114,NA,NA,NA,NA,6.7284676,4.91,NA,NA,NA,NA,2.591952604,1.891439187,11.48,8.508175373
2013,52,5030,3344,3156,1858,188,84,391,66.5,62.7,58.9,5.6,11.4,2192,2260,13,13,3156,58.9,41.1,36.4,62.9,34.6,47.8,12.6,5,33.2,19.5,35.4,11.9,3,13.3,6.6,40.5,19.5,16.9,1377,943,1409,963,1346,917,1721,1081,1189,849,1070,807,1176,844,6416,0.6,4.4,15.5,37.7,27.8,6.8,4.2,3,10.10419065,7.373384114,NA,NA,NA,NA,6.7284676,4.91,NA,NA,NA,NA,2.591952604,1.891439187,11.48,8.508175373
2013,53,2204,1522,1386,1009,137,51,244,69.1,62.9,72.8,9,15.5,4213,4310,26.1,26.2,1386,53.7,46.3,44.4,54.7,32.3,50.6,13,4.1,17.8,13.6,41,27.7,2.3,14.7,7.7,47.5,15.9,11.9,2654,1260,2815,1323,2505,1235,3494,1740,1977,990,1789,1047,1951,1000,2754,1.4,3.5,13.3,24,23.8,8.7,11,14.2,10.10419065,7.373384114,NA,NA,NA,NA,6.7284676,4.91,NA,NA,NA,NA,2.591952604,1.891439187,11.48,8.508175373
2014,11,1284,790,759,432,31,19,79,61.5,59.1,56.9,3.9,9.8,1908,1943,11.6,11.6,759,63.9,36.1,29.6,70.1,34.3,48.6,12.2,5,39.2,18.7,33.1,9,3.5,18.1,6.8,44.4,16.5,10.7,1009,725,1032,732,986,724,1197,875,928,665,968,672,931,666,1668,1,8.6,24.4,35.2,22,5.3,2.2,1.2,12.1,9.701576306,20.73386358,16.62406278,NA,NA,8.87856,7.2,NA,NA,NA,NA,4.968944099,4.029527031,12.1,9.701576306
2014,12,570,337,309,144,27,30,71,59.1,54.3,46.7,8.2,19.5,1877,1948,12.1,12,309,62.1,37.9,18.4,81.3,33.8,49.6,11.8,4.8,36.6,16.5,33,13.9,3.2,22.4,7.6,41.9,17.5,7.3,883,509,897,520,869,500,1246,710,801,486,827,502,802,489,803,1.2,21.4,28.3,26.4,14.1,4.5,3.1,1.1,12.1,9.701576306,20.73386358,16.62406278,NA,NA,8.87856,7.2,NA,NA,NA,NA,4.968944099,4.029527031,12.1,9.701576306
2014,13,2608,1635,1493,628,142,73,278,62.7,57.3,42,8.7,16.3,2002,2061,12.7,12.7,1493,62.3,37.7,18.3,80.3,33.5,49.3,12.4,4.8,33.8,15.5,39.7,10.9,2.4,22.9,7.8,36.3,18.6,12.1,962,527,999,538,925,517,1746,834,784,477,997,615,791,482,3668,0.4,21.2,27.9,28.3,13.7,3.6,2.5,2.4,12.1,9.701576306,20.73386358,16.62406278,NA,NA,8.87856,7.2,NA,NA,NA,NA,4.968944099,4.029527031,12.1,9.701576306
2014,14,326,214,198,100,16,17,45,65.6,60.7,50.5,7.5,19.7,2182,2280,14.4,14.4,198,60,40,21.9,74.6,35.9,50,10.1,3.9,24.9,17.9,41.9,15.4,4.3,24.8,6.6,38.9,13.2,12.1,1154,676,1197,697,1110,648,1631,934,1035,631,1302,724,1057,642,445,0.8,11.2,26,30.1,20,5.1,4.3,2.6,12.1,9.701576306,20.73386358,16.62406278,NA,NA,8.87856,7.2,NA,NA,NA,NA,4.968944099,4.029527031,12.1,9.701576306
2014,15,5929,3621,3339,1194,282,267,851,61.1,56.3,35.8,7.8,21.9,1623,1681,10.3,10.3,3339,62.3,37.7,17.7,81.9,35.6,47.3,11.8,5.3,40.9,19.1,31.6,8.5,6.5,22.3,7.5,31.6,16.8,15.3,834,524,846,527,822,516,1172,686,758,498,769,491,759,496,8099,0.7,20.5,28.7,29.6,13.8,3.4,2.1,1.1,12.1,9.701576306,20.73386358,16.62406278,NA,NA,8.87856,7.2,NA,NA,NA,NA,4.968944099,4.029527031,12.1,9.701576306
2014,16,528,330,288,142,42,14,69,62.5,54.6,49.1,12.6,20.1,2197,2257,13.5,13.6,288,60.5,39.5,23,76.2,32.3,51.5,11.7,4.6,28.9,16.6,39,15.5,2.2,18.1,9.2,37.5,16.4,16.7,986,588,1028,601,946,563,1194,720,874,526,1200,592,916,535,755,0.8,16.6,28.2,27.5,17.1,5.3,3.1,1.4,12.1,9.701576306,20.73386358,16.62406278,NA,NA,8.87856,7.2,NA,NA,NA,NA,4.968944099,4.029527031,12.1,9.701576306
2014,17,1092,670,626,303,44,48,138,61.4,57.4,48.3,6.6,19.2,1939,2003,12.1,12.1,626,62.5,37.5,21.2,78.5,34.4,50,11.2,4.3,31,17.2,38,13.8,4.1,17,7.3,45.2,16.2,10.2,1018,647,1052,671,983,605,1461,882,899,593,852,591,894,593,1472,0.5,12.4,28,32,16.9,4.8,3.7,1.6,12.1,9.701576306,20.73386358,16.62406278,NA,NA,8.87856,7.2,NA,NA,NA,NA,4.968944099,4.029527031,12.1,9.701576306
2014,21,4955,2816,2603,846,213,288,705,56.8,52.5,32.5,7.6,22.7,1181,1220,8,8,2603,61.3,38.7,18.8,81,34.2,47.3,12.7,5.8,43.4,17.2,32.2,7.2,5.9,26.8,7.6,37.3,12.6,9.8,614,425,621,427,607,421,832,542,558,400,625,469,565,406,6838,0.9,27.6,31.3,27.9,9.4,1.6,0.7,0.5,12.1,9.701576306,20.73386358,16.62406278,NA,NA,8.87856,7.2,NA,NA,NA,NA,4.968944099,4.029527031,12.1,9.701576306
2014,22,2473,1488,1399,494,89,224,566,60.2,56.6,35.3,6,33,1320,1430,9,9.1,1399,59.8,40.2,21.5,78.5,33.3,46.6,13.7,6.4,45,15.6,28,11.4,10.8,24.4,7.4,35.2,10.8,11.4,870,539,842,531,897,544,1167,667,780,505,854,595,787,510,3225,0.2,22,26.8,28.6,15.8,3,2.3,1.3,12.1,9.701576306,20.73386358,16.62406278,NA,NA,8.87856,7.2,NA,NA,NA,NA,4.968944099,4.029527031,12.1,9.701576306
2014,23,6865,3812,3540,1519,272,370,983,55.5,51.6,42.9,7.1,23.5,1491,1528,9.2,9.2,3540,59.3,40.7,27.5,71.9,34.9,46.9,12.6,5.6,37,19.4,34.5,9,5.9,19.5,5.9,38.5,16.4,13.8,842,521,840,518,843,525,1149,642,708,492,789,566,712,496,8826,0.9,20.9,28.4,31.1,12.7,2.6,1.8,1.7,12.1,9.701576306,20.73386358,16.62406278,NA,NA,8.87856,7.2,NA,NA,NA,NA,4.968944099,4.029527031,12.1,9.701576306
2014,24,2626,1500,1333,685,167,150,447,57.1,50.8,51.4,11.2,27.1,1627,1704,11.1,11.2,1333,58.7,41.3,38,61.7,32.6,50,13.7,3.7,37.3,14.9,35,12.7,6.6,20.8,6.5,37.9,15.5,12.8,928,587,936,583,920,589,1124,673,798,516,823,623,800,528,3361,0.5,16.7,27.9,32.2,14.6,4.1,2,2,12.1,9.701576306,20.73386358,16.62406278,NA,NA,8.87856,7.2,NA,NA,NA,NA,4.968944099,4.029527031,12.1,9.701576306
2014,25,2965,1711,1572,675,139,211,542,57.7,53,43,8.1,28.2,1514,1602,10.1,10.1,1572,60.7,39.3,36.2,63.6,31.9,49,13.6,5.6,44,13,31.7,11.3,7.4,20.5,7,36.4,14.4,14.3,901,541,897,543,905,540,1104,601,773,500,925,592,781,505,3887,0.7,17.3,30.7,31.4,12.5,3.2,2.4,2,12.1,9.701576306,20.73386358,16.62406278,NA,NA,8.87856,7.2,NA,NA,NA,NA,4.968944099,4.029527031,12.1,9.701576306
2014,26,7183,4036,3706,1882,331,223,760,56.2,51.6,50.8,8.2,17.9,2032,2090,12.6,12.6,3706,59.5,40.5,31.1,68.7,31.7,50.9,12.1,5.2,35.2,16.1,35.2,13.5,3.8,18.2,6.7,43.1,18.1,10.2,1062,574,1076,583,1048,566,1454,733,878,527,916,571,881,531,9190,1.3,16.6,27.5,31.1,13.6,4,3,3,12.1,9.701576306,20.73386358,16.62406278,NA,NA,8.87856,7.2,NA,NA,NA,NA,4.968944099,4.029527031,12.1,9.701576306
2014,27,2458,1257,1134,581,123,119,313,51.2,46.2,51.2,9.8,22.7,1545,1579,10,10,1134,61.2,38.8,26,73.4,32.1,49.6,13.3,5,43.6,15.4,29.3,11.7,3.8,23.5,6.2,39.6,17.3,9.7,768,479,768,478,769,479,1108,602,655,429,667,489,656,434,3255,1.1,23.1,31.5,27.5,10.8,3,1.8,1.3,12.1,9.701576306,20.73386358,16.62406278,NA,NA,8.87856,7.2,NA,NA,NA,NA,4.968944099,4.029527031,12.1,9.701576306
2014,28,1684,1040,947,465,93,114,317,61.8,56.2,49.1,8.9,27.4,1783,1839,11.6,11.6,947,59.1,40.9,25.3,74.2,33.2,48.7,13.3,4.8,41.8,13.7,31.4,13.2,6.1,23.9,8.3,35.6,14,12.1,1004,543,1014,553,995,539,1398,727,862,508,998,537,873,510,2193,0.8,16.4,30.7,27.6,14.3,5.1,2.7,2.4,12.1,9.701576306,20.73386358,16.62406278,NA,NA,8.87856,7.2,NA,NA,NA,NA,4.968944099,4.029527031,12.1,9.701576306
2014,29,11237,7022,6337,2760,685,637,2101,62.5,56.4,43.6,9.8,27.4,1562,1628,10.2,10.2,6337,59,41,20.7,79,32.3,49.6,12.4,5.6,41.8,15.7,33.4,9.1,6.8,20.5,6.4,38.5,15.8,12.1,921,549,928,557,913,542,1308,688,815,505,845,589,822,527,14537,0.8,17.9,28.9,31.1,13.5,3.6,2.4,1.8,12.1,9.701576306,20.73386358,16.62406278,NA,NA,8.87856,7.2,NA,NA,NA,NA,4.968944099,4.029527031,12.1,9.701576306
2014,31,16454,10456,9752,6121,705,402,1675,63.5,59.3,62.8,6.7,15.4,2067,2149,12.7,12.8,9752,57.9,42.1,43.4,56.2,31.7,48.2,14.1,6,33.4,16.8,35.3,14.4,4,15.5,6.9,42,17.3,14.4,1345,899,1368,909,1324,887,1756,1061,1036,758,987,777,1028,761,20486,0.6,6.9,18.7,34.6,25.3,6.6,4.2,3.2,12.1,9.701576306,20.73386358,16.62406278,NA,NA,8.87856,7.2,NA,NA,NA,NA,4.968944099,4.029527031,12.1,9.701576306
2014,32,2990,1935,1798,1129,137,44,225,64.7,60.2,62.8,7.1,11.3,2237,2300,13.7,13.7,1798,57.9,42.1,41,58.8,30.3,49.8,14.6,5.3,30.8,18,36.8,14.4,2.4,16.2,6.3,47.7,15.5,11.9,1361,889,1384,901,1338,878,1805,1066,1073,744,1040,796,1068,757,3780,1,7.6,18.9,33.3,24.4,6.4,5.1,3.4,12.1,9.701576306,20.73386358,16.62406278,NA,NA,8.87856,7.2,NA,NA,NA,NA,4.968944099,4.029527031,12.1,9.701576306
2014,33,13791,8162,7602,5365,560,117,788,59.2,55.1,70.6,6.9,9.5,2603,2644,15.7,15.7,7602,57.6,42.4,46.9,52.8,26.3,49.8,17.3,6.5,21.3,18.6,41.7,18.3,1.5,13.3,6.2,45.4,21.3,12.4,1622,991,1651,1002,1595,985,2159,1240,1166,841,1144,785,1161,828,16718,1.4,4.7,15.5,32.2,26.7,8.7,5.7,5.1,12.1,9.701576306,20.73386358,16.62406278,NA,NA,8.87856,7.2,NA,NA,NA,NA,4.968944099,4.029527031,12.1,9.701576306
2014,35,35779,23310,21575,15801,1735,562,3047,65.2,60.3,73.2,7.4,12.8,3095,3154,18,18,21575,56,44,63.5,34.7,30.1,48.3,15.3,6.2,20.5,16,41.4,22,2.5,11.1,5.7,46.2,20,14.6,1911,1147,1950,1175,1875,1122,2259,1332,1196,937,1249,995,1205,948,43909,0.9,2.4,12.1,29.5,31.5,10.2,7,6.4,12.1,9.701576306,20.73386358,16.62406278,NA,NA,8.87856,7.2,NA,NA,NA,NA,4.968944099,4.029527031,12.1,9.701576306
2014,41,8769,5750,5523,3894,227,148,575,65.6,63,70.5,4,9.7,2564,2638,16.2,16.3,5523,57.7,42.3,69.3,29.7,32.4,48.2,13.8,5.5,27.3,19,36.7,17,3.6,12.7,5.7,48.7,16,13.3,1600,1058,1631,1071,1570,1038,1789,1169,1129,881,1286,987,1144,898,10978,0.6,3,13.5,32.2,31.2,9.6,5.9,3.9,12.1,9.701576306,20.73386358,16.62406278,NA,NA,8.87856,7.2,NA,NA,NA,NA,4.968944099,4.029527031,12.1,9.701576306
2014,42,5461,3582,3474,2731,108,46,211,65.6,63.6,78.6,3,5.8,2528,2572,14.9,15,3474,56.8,43.2,88,11.8,34.4,47.5,13.8,4.3,24.7,21.1,38.8,15.4,2,11.9,4.4,55.8,13,13,1662,1252,1684,1273,1640,1229,1730,1305,1159,941,1241,932,1176,935,6696,0.5,1.7,9.3,28.6,38.7,11.7,6.4,3.3,12.1,9.701576306,20.73386358,16.62406278,NA,NA,8.87856,7.2,NA,NA,NA,NA,4.968944099,4.029527031,12.1,9.701576306
2014,43,9063,5919,5596,3929,323,167,734,65.3,61.7,70.2,5.5,12.1,2560,2672,15.8,15.9,5596,55.6,44.4,84,15.7,30.3,46.5,16.6,6.6,30,20,34.8,15.2,4.1,13.4,5.2,45.5,14.7,17.2,1763,1146,1788,1170,1739,1129,1919,1265,1045,801,992,743,1027,787,11094,0.5,3.3,12,29.3,32.7,10.3,6.8,5,12.1,9.701576306,20.73386358,16.62406278,NA,NA,8.87856,7.2,NA,NA,NA,NA,4.968944099,4.029527031,12.1,9.701576306
2014,50,1970,1291,1238,772,54,56,171,65.6,62.9,62.4,4.1,12.7,2308,2395,14.4,14.4,1238,58.1,41.9,44.3,54.3,34,47.3,13.3,5.4,36,17.6,31.8,14.7,4.5,14.9,5.3,41.2,17.4,16.6,1413,956,1442,963,1384,939,1746,1095,1128,821,1188,899,1134,821,2555,0.3,4.2,17.4,34.6,27.9,7.6,5.2,2.9,12.1,9.701576306,20.73386358,16.62406278,NA,NA,8.87856,7.2,NA,NA,NA,NA,4.968944099,4.029527031,12.1,9.701576306
2014,51,2478,1616,1548,955,68,44,159,65.2,62.5,61.7,4.2,9.6,2398,2454,14.1,14.2,1548,61.6,38.4,34.6,64.8,32.8,49.8,12.6,4.8,31,22,33,14,3.3,14.3,5.6,46.9,15.4,14.5,1364,965,1388,979,1340,927,1894,1248,1108,848,1033,821,1099,848,3219,0.8,3.9,18.4,32.9,29.1,7.7,4.4,2.8,12.1,9.701576306,20.73386358,16.62406278,NA,NA,8.87856,7.2,NA,NA,NA,NA,4.968944099,4.029527031,12.1,9.701576306
2014,52,5111,3426,3217,1929,209,97,398,67,62.9,60,6.1,11.3,2275,2338,13.4,13.5,3217,59.5,40.5,39.3,60.3,32.1,50.3,12.5,5.1,32.3,18,36.1,13.5,2.9,13,6.3,43.5,20.8,13.6,1370,965,1403,974,1337,948,1701,1127,1165,862,1087,784,1156,846,6516,0.7,4.6,16.7,34.6,28.5,7.4,4.7,2.6,12.1,9.701576306,20.73386358,16.62406278,NA,NA,8.87856,7.2,NA,NA,NA,NA,4.968944099,4.029527031,12.1,9.701576306
2014,53,2240,1485,1341,995,144,48,233,66.3,59.9,74.2,9.7,15.2,4200,4272,25.9,25.9,1341,54.1,45.9,42.3,57,29.8,51.6,13.5,5.2,16.8,14.4,38.5,30.2,2,15.3,9,46.9,16.5,10.2,2604,1263,2695,1285,2521,1240,3465,1899,2001,1019,1761,966,1971,1005,2797,1.3,3.3,14.4,24.4,22.2,10,10.8,13.6,12.1,9.701576306,20.73386358,16.62406278,NA,NA,8.87856,7.2,NA,NA,NA,NA,4.968944099,4.029527031,12.1,9.701576306
2015,11,1269,779,734,417,45,30,95,61.4,57.9,56.7,5.7,11.7,1953,1998,11.8,11.9,734,63.8,36.2,31.4,67.9,33.8,49.3,12.7,4.2,37.6,19.9,31,11.5,3.6,14.8,7.2,49.9,13.9,10.6,1005,700,1032,722,977,683,1231,860,909,658,860,719,905,659,1688,1,12.1,23.6,33.6,21,4.7,2.9,1,12.73,11.85730253,10.97037815,10.2183105,NA,NA,8.941043455,8.22,NA,NA,10.22843505,9.403570907,6.366637472,5.853204974,12.73,11.85730253
2015,12,573,344,314,134,30,23,68,60,54.7,42.7,8.9,18.6,1944,2009,12.5,12.5,314,61.2,38.8,18.1,81.8,32.9,51.9,10.6,4.6,37.3,15.5,32.1,15.1,3.6,23.6,8.4,41.1,15.4,7.8,915,499,946,505,884,495,1447,708,803,480,867,532,807,481,816,0.8,23.3,27.5,25.1,14.3,4.3,2.8,1.7,12.73,11.85730253,10.97037815,10.2183105,NA,NA,8.941043455,8.22,NA,NA,10.22843505,9.403570907,6.366637472,5.853204974,12.73,11.85730253
2015,13,2702,1644,1488,640,155,73,275,60.8,55.1,43,9.5,16,1956,2011,12,12,1488,63,37,16.5,82.3,32.4,50.2,12.7,4.7,30.7,15.6,40.6,13,3.4,20.9,6.2,42.3,15.7,11.5,910,512,930,514,889,507,1507,762,790,480,966,500,794,480,3736,0.9,21.6,28.8,26.7,14.1,3.6,2.3,1.9,12.73,11.85730253,10.97037815,10.2183105,NA,NA,8.941043455,8.22,NA,NA,10.22843505,9.403570907,6.366637472,5.853204974,12.73,11.85730253
2015,14,330,218,198,102,19,14,45,65.9,60,51.3,8.9,19.5,2217,2373,14.6,14.7,198,59,41,23.4,72.5,34.5,47.9,12.9,4.7,26.7,14.8,40.2,18.3,4,23.4,6.2,40.2,12.2,14,1210,686,1244,707,1176,670,1894,907,1032,654,1162,672,1044,654,456,0.4,11.4,25.5,32.6,17,5.5,4.5,3.1,12.73,11.85730253,10.97037815,10.2183105,NA,NA,8.941043455,8.22,NA,NA,10.22843505,9.403570907,6.366637472,5.853204974,12.73,11.85730253
2015,15,6001,3843,3479,1207,363,368,1091,64,58,34.7,9.4,25.9,1523,1583,10.2,10.3,3479,61.1,38.9,18.9,80.7,33.7,47.9,12.8,5.5,41.6,18.3,31.2,8.9,7.7,23.7,7.6,31.8,14.2,15.1,816,499,811,502,820,496,1157,657,736,476,721,496,735,480,8197,0.9,22.1,29.4,27.3,13.7,3.4,2.3,1.1,12.73,11.85730253,10.97037815,10.2183105,NA,NA,8.941043455,8.22,NA,NA,10.22843505,9.403570907,6.366637472,5.853204974,12.73,11.85730253
2015,16,540,332,296,136,36,19,74,61.4,54.7,46,10.9,21.1,2236,2272,15.4,15.4,296,61.3,38.7,21.9,77.7,31.7,51.8,12.2,4.2,29.2,13.5,39.9,17.3,4.4,23.5,9.4,31.5,17.8,13.5,1009,547,1042,567,975,541,1288,671,934,515,921,524,932,517,772,1.3,18.9,27.8,25.2,15.2,6.4,3.5,1.8,12.73,11.85730253,10.97037815,10.2183105,NA,NA,8.941043455,8.22,NA,NA,10.22843505,9.403570907,6.366637472,5.853204974,12.73,11.85730253
2015,17,1111,677,611,317,66,47,154,61,55,51.9,9.8,21.3,1969,1996,12.4,12.4,611,62.2,37.8,22.2,77.4,33.4,51.4,10,5.2,31.1,17.7,37.9,13.2,4.6,17.1,7.2,48.4,14.5,8.2,997,629,1041,649,952,605,1474,887,878,578,794,525,868,574,1491,1,13.6,27.6,31.8,17.1,4.7,2.5,1.6,12.73,11.85730253,10.97037815,10.2183105,NA,NA,8.941043455,8.22,NA,NA,10.22843505,9.403570907,6.366637472,5.853204974,12.73,11.85730253
2015,21,5009,2866,2614,820,252,297,787,57.2,52.2,31.4,8.8,24.9,1203,1243,8.5,8.5,2614,61.7,38.3,18,81.7,33.7,48,12.3,6,42.7,17.4,31.8,8.1,6.5,27.4,6.9,36.6,12.3,10.3,628,422,631,425,625,422,843,540,584,396,580,428,583,400,6878,1,29.6,30,26.3,9.4,2.1,1,0.7,12.73,11.85730253,10.97037815,10.2183105,NA,NA,8.941043455,8.22,NA,NA,10.22843505,9.403570907,6.366637472,5.853204974,12.73,11.85730253
2015,22,2505,1547,1420,507,127,223,579,61.7,56.7,35.7,8.2,32.7,1377,1478,9.5,9.5,1420,58.6,41.4,19,80.9,32.5,47,13,7.5,44.2,16,28.3,11.4,10.9,25.6,7.2,33.6,11.8,10.9,891,546,877,540,905,549,1347,679,763,521,915,628,776,527,3233,0.3,19.4,27.9,31.7,13.8,3.2,2,1.6,12.73,11.85730253,10.97037815,10.2183105,NA,NA,8.941043455,8.22,NA,NA,10.22843505,9.403570907,6.366637472,5.853204974,12.73,11.85730253
2015,23,6895,3776,3442,1521,334,365,1001,54.8,49.9,44.2,8.8,24.2,1532,1572,9.9,9.9,3442,60.1,39.9,27.8,71.8,32.4,49.2,13,5.4,35.5,18.8,35.8,9.9,5.6,20.2,6.2,40,16.2,11.7,852,514,835,511,869,515,1148,654,736,479,752,491,737,482,8890,1,21.1,28.7,29.2,13,2.9,2.7,1.4,12.73,11.85730253,10.97037815,10.2183105,NA,NA,8.941043455,8.22,NA,NA,10.22843505,9.403570907,6.366637472,5.853204974,12.73,11.85730253
2015,24,2682,1561,1381,742,180,163,478,58.2,51.5,53.7,11.6,27.7,1686,1768,11.1,11.1,1381,58,42,39,60.8,28.8,51.1,14.9,5.2,35.2,15.4,35.5,13.9,6.6,20,7,41,13.8,11.5,1001,625,1000,629,1003,621,1212,683,863,569,860,621,862,572,3393,0.4,16.4,26.1,31.2,16.6,4.6,2.6,2.1,12.73,11.85730253,10.97037815,10.2183105,NA,NA,8.941043455,8.22,NA,NA,10.22843505,9.403570907,6.366637472,5.853204974,12.73,11.85730253
2015,25,3041,1772,1602,694,170,215,584,58.3,52.7,43.3,9.6,29.4,1557,1670,10.4,10.5,1602,59.4,40.6,35.9,63.7,31.8,47.9,14.5,5.8,41,13.5,32.7,12.8,6.4,22.9,6.8,37.6,13.3,13,947,559,932,560,961,555,1193,645,787,518,972,543,800,519,3909,0.5,18.3,28.4,30.2,13.9,4.2,2.6,1.9,12.73,11.85730253,10.97037815,10.2183105,NA,NA,8.941043455,8.22,NA,NA,10.22843505,9.403570907,6.366637472,5.853204974,12.73,11.85730253
2015,26,7334,4132,3706,1874,425,261,897,56.3,50.5,50.6,10.3,20.4,1845,1892,11.6,11.6,3706,59,41,30.9,68.8,31.3,49.4,13.4,5.9,35.1,13.7,35.6,15.7,4.3,19.2,7.1,41.7,17.8,9.9,1008,550,1010,552,1007,550,1471,728,797,503,858,541,802,503,9260,1.1,19.3,27.5,29.5,13.5,3.7,2.3,2.8,12.73,11.85730253,10.97037815,10.2183105,NA,NA,8.941043455,8.22,NA,NA,10.22843505,9.403570907,6.366637472,5.853204974,12.73,11.85730253
2015,27,2481,1268,1122,568,146,133,371,51.1,45.2,50.6,11.5,26.4,1474,1514,9.9,9.9,1122,60.7,39.3,25.3,74.1,32,51.1,13,3.9,42.4,16,30.4,11.2,5.3,23,5.8,41.9,15.5,8.5,729,446,729,442,728,455,1003,518,636,415,721,441,641,417,3270,1.4,25.3,32.2,25.9,9.8,2.3,2.1,1,12.73,11.85730253,10.97037815,10.2183105,NA,NA,8.941043455,8.22,NA,NA,10.22843505,9.403570907,6.366637472,5.853204974,12.73,11.85730253
2015,28,1730,1038,943,470,96,102,311,60,54.5,49.9,9.2,27.3,1687,1748,11.2,11.3,943,58.7,41.3,22.5,77.1,31.8,51.7,12.3,4.2,42.3,14.3,30.4,13,6.1,23.1,7.2,36.9,14.8,11.9,957,550,979,565,937,539,1379,675,823,519,953,598,835,526,2214,0.7,17.9,29,30.7,12.8,3.8,3.5,1.6,12.73,11.85730253,10.97037815,10.2183105,NA,NA,8.941043455,8.22,NA,NA,10.22843505,9.403570907,6.366637472,5.853204974,12.73,11.85730253
2015,29,11368,7214,6398,2843,816,689,2376,63.5,56.3,44.4,11.3,30.1,1465,1549,9.7,9.8,6398,58.4,41.6,19.6,80,31.4,50.2,12.7,5.7,38.3,14.1,37,10.6,7.3,20.2,6.2,38.9,14.4,12.9,897,551,903,558,892,542,1264,684,801,506,839,597,810,527,14600,0.9,19.7,27.2,30.6,14,3.4,2.5,1.7,12.73,11.85730253,10.97037815,10.2183105,NA,NA,8.941043455,8.22,NA,NA,10.22843505,9.403570907,6.366637472,5.853204974,12.73,11.85730253
2015,31,16795,10946,9981,6252,965,565,2241,65.2,59.4,62.6,8.8,19.5,1997,2087,12.3,12.4,9981,56.7,43.3,44,55.8,32.1,46.7,14.9,6.2,32.3,17.5,35.1,15.1,4.3,15.7,5.7,44.1,16.2,14.1,1338,907,1364,926,1313,886,1670,1016,1102,776,1015,811,1087,786,20626,0.7,6.6,18.4,34.8,25,7.3,4.4,2.8,12.73,11.85730253,10.97037815,10.2183105,NA,NA,8.941043455,8.22,NA,NA,10.22843505,9.403570907,6.366637472,5.853204974,12.73,11.85730253
2015,32,3055,1977,1800,1125,178,44,272,64.7,58.9,62.5,9,13.4,2196,2262,13.6,13.7,1800,57.5,42.5,40.4,59.3,29.2,50,15,5.8,29.3,17.7,37.5,15.5,2.4,16.1,5.4,52.2,13.4,10.5,1288,822,1309,847,1267,793,1699,1000,1026,713,982,706,1019,712,3828,1.2,8.8,20,33.3,22.8,6,5.1,2.8,12.73,11.85730253,10.97037815,10.2183105,NA,NA,8.941043455,8.22,NA,NA,10.22843505,9.403570907,6.366637472,5.853204974,12.73,11.85730253
2015,33,13850,8250,7536,5323,714,136,994,59.6,54.4,70.6,8.7,11.9,2528,2574,15.6,15.6,7536,57.1,42.9,44.9,54.8,25.7,50,17.4,6.9,20.3,17.9,43.2,18.6,2.4,13,6,48.1,19.4,11.1,1557,981,1594,994,1522,973,2104,1242,1142,828,1041,784,1119,817,16830,1.3,5.1,16.3,31.9,26.2,8.6,6.1,4.5,12.73,11.85730253,10.97037815,10.2183105,NA,NA,8.941043455,8.22,NA,NA,10.22843505,9.403570907,6.366637472,5.853204974,12.73,11.85730253
2015,35,36091,23667,21281,15661,2386,584,3733,65.6,59,73.6,10.1,15.4,2949,3011,17.7,17.7,21281,56.9,43.1,62.6,35.7,28.8,49.1,15.4,6.8,19.7,16.1,41.7,22.4,2.7,11.4,5,49.3,18.5,13.1,1816,1100,1854,1122,1780,1083,2158,1272,1138,853,1204,900,1150,869,44324,1,3.3,13.2,30.1,31.2,9.2,6.4,5.6,12.73,11.85730253,10.97037815,10.2183105,NA,NA,8.941043455,8.22,NA,NA,10.22843505,9.403570907,6.366637472,5.853204974,12.73,11.85730253
2015,41,8875,5857,5506,3890,351,182,751,66,62,70.6,6,12.4,2382,2427,14.9,15,5506,57.8,42.2,68.9,30.2,31,48.4,14.6,5.9,27.1,18.2,35.9,18.8,4,12.8,4.5,52.6,13.9,12.1,1486,1025,1507,1039,1465,1009,1667,1146,1058,815,1092,833,1062,819,11073,0.8,3.7,14.5,32.2,30.6,9.5,5.6,3.2,12.73,11.85730253,10.97037815,10.2183105,NA,NA,8.941043455,8.22,NA,NA,10.22843505,9.403570907,6.366637472,5.853204974,12.73,11.85730253
2015,42,5536,3648,3489,2724,160,48,266,65.9,63,78.1,4.4,7.2,2477,2528,14.6,14.6,3489,56.6,43.4,87.3,12.5,32.5,48.5,14.4,4.5,23.5,20.6,38.1,17.9,1.8,12.3,4.1,56.7,11.6,13.4,1652,1215,1668,1224,1637,1201,1732,1261,1077,873,1407,1096,1132,905,6787,0.6,1.9,9.8,29.1,37,12,6.5,3.2,12.73,11.85730253,10.97037815,10.2183105,NA,NA,8.941043455,8.22,NA,NA,10.22843505,9.403570907,6.366637472,5.853204974,12.73,11.85730253
2015,43,9163,6069,5686,4051,383,197,844,66.2,62.1,71.2,6.3,13.5,2504,2608,15.2,15.3,5686,55.6,44.4,83.6,16.1,29.8,46.6,16.7,6.9,27.3,18.7,36.9,17.1,3.6,13.8,5.1,48.4,13,16.1,1745,1173,1761,1192,1729,1146,1874,1254,1107,876,1096,888,1104,880,11149,0.4,3.3,11.5,29,33.1,10.9,7.1,4.6,12.73,11.85730253,10.97037815,10.2183105,NA,NA,8.941043455,8.22,NA,NA,10.22843505,9.403570907,6.366637472,5.853204974,12.73,11.85730253
2015,50,2005,1322,1235,754,87,62,219,65.9,61.6,61,6.6,15.8,2102,2160,13.2,13.2,1235,57.9,42.1,44,54.9,33.5,46.6,14.3,5.6,36.3,17.8,31.1,14.8,4.5,15.9,5.2,43.7,17.7,13,1278,897,1309,916,1248,873,1526,1024,1063,769,1177,886,1073,774,2587,0.8,4.7,18.1,36.3,26.5,7.7,3.5,2.4,12.73,11.85730253,10.97037815,10.2183105,NA,NA,8.941043455,8.22,NA,NA,10.22843505,9.403570907,6.366637472,5.853204974,12.73,11.85730253
2015,51,2499,1673,1569,943,104,48,197,67,62.8,60.1,6.2,11.5,2180,2240,13.1,13.2,1569,60,40,34.1,65.1,32.1,48.8,13.3,5.8,29.1,21.3,36.2,13.4,3.9,15.3,5.8,47.4,12.3,15.2,1283,927,1319,943,1246,894,1723,1159,1059,820,1116,895,1065,824,3264,0.9,5.2,16.7,36.2,26.9,8.2,3.9,2,12.73,11.85730253,10.97037815,10.2183105,NA,NA,8.941043455,8.22,NA,NA,10.22843505,9.403570907,6.366637472,5.853204974,12.73,11.85730253
2015,52,5229,3451,3192,1928,259,117,473,66,61,60.4,7.5,13.3,2169,2218,12.9,12.9,3192,59.4,40.6,37.7,61.8,30.9,50.9,12.9,5.4,30.4,19.1,36,14.5,3.1,12.5,5.4,47.4,19.5,12.1,1295,904,1319,925,1270,886,1623,1044,1091,798,1067,826,1089,804,6625,0.9,5.2,17.5,37,25.2,7.7,4.7,2,12.73,11.85730253,10.97037815,10.2183105,NA,NA,8.941043455,8.22,NA,NA,10.22843505,9.403570907,6.366637472,5.853204974,12.73,11.85730253
2015,53,2291,1538,1378,1027,160,46,256,67.1,60.1,74.5,10.4,16.1,4274,4352,26.6,26.5,1378,54.6,45.4,39.8,59.2,26.7,54.7,13.6,4.9,17,14,37.4,31.7,2.5,13.1,7.9,51.9,14.7,9.8,2657,1248,2728,1312,2591,1208,3643,1997,2034,1018,1653,957,1984,1011,2841,1.2,4,13.2,24.3,22.6,10.6,10.3,13.9,12.73,11.85730253,10.97037815,10.2183105,NA,NA,8.941043455,8.22,NA,NA,10.22843505,9.403570907,6.366637472,5.853204974,12.73,11.85730253
2016,11,1297,821,754,416,67,34,121,63.3,58.1,55.2,8.2,14.2,1809,1845,11.2,11.2,754,61.7,38.3,30.7,68.3,32.9,49.5,12.4,5.2,36.7,17.3,33.3,12.8,4.3,15.7,4.1,54.2,10.6,10.9,980,683,985,683,974,683,1248,815,855,623,1010,776,871,640,1707,1.4,10.6,24.8,35.1,19.4,4.5,3,1.1,12.73,11.78817815,7.180156658,6.648936828,NA,NA,6.905602619,6.55,NA,NA,16.3103186,15.47042202,12.15816183,11.53207973,12.73,11.78817815
2016,12,598,333,298,129,35,32,75,55.8,49.9,43.3,10.5,20.6,1804,1870,11.3,11.4,298,60.5,39.5,17.2,82.4,32.7,51,10.9,5.4,33.3,14.1,36.9,15.7,2.2,20.8,3.8,57.1,10.8,5.2,831,463,844,467,818,458,1200,595,751,444,726,487,750,445,828,1,27.9,27.1,23.8,12.8,4,2.1,1.3,12.73,11.78817815,7.180156658,6.648936828,NA,NA,6.905602619,6.55,NA,NA,16.3103186,15.47042202,12.15816183,11.53207973,12.73,11.78817815
2016,13,2716,1753,1509,591,245,136,471,64.6,55.5,39.2,14,24.9,1729,1783,11.1,11.1,1509,61.8,38.2,17.6,80.3,31.1,50.3,13.1,5.5,32.9,14.1,39,14,2.7,24.6,4.8,49.9,10.9,7.1,799,437,799,436,799,437,1336,647,681,396,777,474,685,401,3797,0.8,27.5,30.1,22.5,12.3,3,1.9,1.9,12.73,11.78817815,7.180156658,6.648936828,NA,NA,6.905602619,6.55,NA,NA,16.3103186,15.47042202,12.15816183,11.53207973,12.73,11.78817815
2016,14,344,219,200,107,19,19,49,63.7,58.2,53.4,8.7,20.7,2266,2353,15.1,15,200,59.7,40.3,21.5,73.2,31.8,51,12,5.2,22.4,12.2,45.7,19.8,2.5,23.7,5.5,48.8,9.2,10.2,1162,666,1150,660,1174,670,1784,996,1009,617,1045,667,1013,630,468,1.1,13.7,24.4,29.3,18.3,6.7,3.6,3,12.73,11.78817815,7.180156658,6.648936828,NA,NA,6.905602619,6.55,NA,NA,16.3103186,15.47042202,12.15816183,11.53207973,12.73,11.78817815
2016,15,6198,3820,3385,1213,434,387,1121,61.6,54.6,35.8,11.4,26.7,1481,1530,9.6,9.6,3385,61.6,38.4,17.2,82.1,31.8,49.8,13,5.4,40,17.9,32.3,9.7,4.8,26,6.6,39.3,11.2,12.1,761,480,765,480,757,479,1080,594,685,450,754,511,692,455,8290,0.6,24.3,29.6,27.4,12.4,2.7,2,1,12.73,11.78817815,7.180156658,6.648936828,NA,NA,6.905602619,6.55,NA,NA,16.3103186,15.47042202,12.15816183,11.53207973,12.73,11.78817815
2016,16,571,357,300,144,57,31,103,62.6,52.6,47.9,16,26.5,2175,2222,13.3,13.3,300,58.6,41.4,21.8,77.3,31.5,52.1,12.5,3.9,23.6,13.9,41,21.5,2.2,20.8,9.6,48,12.2,7.2,953,516,963,514,944,517,1275,776,817,458,1281,739,870,485,788,1.7,20.6,28,24.4,14.8,5.2,3.4,1.9,12.73,11.78817815,7.180156658,6.648936828,NA,NA,6.905602619,6.55,NA,NA,16.3103186,15.47042202,12.15816183,11.53207973,12.73,11.78817815
2016,17,1142,704,619,297,86,47,165,61.7,54.2,48,12.2,21.9,1770,1806,11.5,11.5,619,61.2,38.8,21.6,77.5,33.9,49.3,12.5,4.3,31.3,14.8,39.2,14.7,3.8,16.8,3.9,60.7,9.9,4.9,935,611,966,636,903,584,1264,797,857,580,782,553,846,577,1507,0.9,15.4,26,32.5,16.8,4.7,2.5,1.1,12.73,11.78817815,7.180156658,6.648936828,NA,NA,6.905602619,6.55,NA,NA,16.3103186,15.47042202,12.15816183,11.53207973,12.73,11.78817815
2016,21,5086,2794,2460,803,334,443,1009,54.9,48.4,32.6,11.9,31.2,1254,1305,8.6,8.5,2460,61.1,38.9,19.4,80,32.1,49.4,12.7,5.8,39.8,16.2,34.6,9.4,4.5,28,5.6,41.9,10.9,9.1,633,406,633,405,633,409,886,507,561,382,636,438,571,388,6920,1.1,31,30,24.9,9.1,2.2,1,0.6,12.73,11.78817815,7.180156658,6.648936828,NA,NA,6.905602619,6.55,NA,NA,16.3103186,15.47042202,12.15816183,11.53207973,12.73,11.78817815
2016,22,2521,1437,1296,490,142,209,565,57,51.4,37.8,9.9,34.3,1399,1459,9.5,9.4,1296,58.8,41.2,22.2,77.7,29.1,49.8,14.8,6.4,41.6,16.2,29,13.2,8.6,27.8,6.3,40.4,8.7,8.2,814,497,770,478,856,516,1218,674,708,454,688,493,706,461,3245,0.5,24.7,27.2,27.6,14.1,2.4,2.1,1.4,12.73,11.78817815,7.180156658,6.648936828,NA,NA,6.905602619,6.55,NA,NA,16.3103186,15.47042202,12.15816183,11.53207973,12.73,11.78817815
2016,23,7034,3894,3429,1547,465,482,1247,55.4,48.7,45.1,11.9,28.5,1499,1532,9.6,9.6,3429,60,40,27.5,71.9,31.8,48.3,14.1,5.8,35,17.2,36.6,11.2,4.6,22.8,3.8,48,11.1,9.7,828,501,824,500,832,504,1199,599,692,470,650,499,689,470,8951,1,23.1,28.8,29,11.7,3,1.7,1.7,12.73,11.78817815,7.180156658,6.648936828,NA,NA,6.905602619,6.55,NA,NA,16.3103186,15.47042202,12.15816183,11.53207973,12.73,11.78817815
2016,24,2708,1528,1322,704,207,181,514,56.4,48.8,53.3,13.5,30.1,1679,1802,10.8,10.8,1322,57.8,42.2,36.7,62.8,27.6,53.8,13.5,5.1,32.4,14.8,37.3,15.5,5.1,20.7,4.7,46.2,12.7,10.7,994,589,1009,596,979,577,1249,668,853,547,782,538,847,545,3421,0.7,17.7,26.5,32.1,13.3,4.6,3,2.1,12.73,11.78817815,7.180156658,6.648936828,NA,NA,6.905602619,6.55,NA,NA,16.3103186,15.47042202,12.15816183,11.53207973,12.73,11.78817815
2016,25,3061,1653,1470,657,183,250,611,54,48,44.7,11.1,32.1,1484,1566,10,10,1470,59.3,40.7,35.5,64.3,29.1,50,15.3,5.6,40.7,13.2,31.9,14.3,5.6,23.9,4.8,45.4,8.7,11.5,858,514,869,514,847,515,1045,595,746,486,866,632,753,495,3929,0.3,21.8,28.9,29.8,13.1,2.6,1.8,1.7,12.73,11.78817815,7.180156658,6.648936828,NA,NA,6.905602619,6.55,NA,NA,16.3103186,15.47042202,12.15816183,11.53207973,12.73,11.78817815
2016,26,7406,4067,3454,1782,613,378,1162,54.9,46.6,51.6,15.1,26.2,1789,1858,10.9,11,3454,60.3,39.7,32.8,66.5,26.5,53.3,14.8,5.4,34.5,13,37.4,15.2,3.7,18.1,5.5,48.5,13.3,10.8,938,518,932,518,944,515,1400,692,726,482,758,501,728,483,9315,1.7,21.1,27.8,28.8,12.5,3.5,2.1,2.4,12.73,11.78817815,7.180156658,6.648936828,NA,NA,6.905602619,6.55,NA,NA,16.3103186,15.47042202,12.15816183,11.53207973,12.73,11.78817815
2016,27,2541,1296,1109,578,187,194,477,51,43.6,52.2,14.5,32,1479,1500,9.8,9.8,1109,59.1,40.9,25.2,74,29.5,52.1,13.7,4.6,40.8,14.2,31.7,13.3,3.9,25.6,3.4,50.4,11.3,5.4,731,456,740,455,724,456,1015,580,645,416,620,455,644,418,3284,1.2,25.8,30.7,25.9,10.5,3.2,1.8,1,12.73,11.78817815,7.180156658,6.648936828,NA,NA,6.905602619,6.55,NA,NA,16.3103186,15.47042202,12.15816183,11.53207973,12.73,11.78817815
2016,28,1758,1033,908,465,125,106,337,58.8,51.7,51.2,12.1,29.6,1773,1851,11.3,11.3,908,59,41,22.3,76.6,31.1,51.4,13,4.5,38.9,14.4,31.8,14.9,5.8,23,5.4,46.2,10.5,9.1,971,520,1006,525,938,517,1384,721,855,495,826,565,853,498,2234,1.6,21.9,26.9,26.8,13.6,3.6,2.9,2.7,12.73,11.78817815,7.180156658,6.648936828,NA,NA,6.905602619,6.55,NA,NA,16.3103186,15.47042202,12.15816183,11.53207973,12.73,11.78817815
2016,29,11466,7014,5876,2601,1138,832,2675,61.2,51.2,44.3,16.2,34.1,1447,1505,9.4,9.4,5876,58.7,41.3,17.3,81.7,27.4,52.6,13.9,6.1,38.4,13.8,36.5,11.3,5.9,22.2,4.1,46.6,10.8,10.4,844,505,856,517,833,497,1173,621,776,480,764,520,773,494,14664,0.9,23,27.9,28.6,12.9,3.1,2.1,1.5,12.73,11.78817815,7.180156658,6.648936828,NA,NA,6.905602619,6.55,NA,NA,16.3103186,15.47042202,12.15816183,11.53207973,12.73,11.78817815
2016,31,16765,10857,9634,5946,1223,690,2510,64.8,57.5,61.7,11.3,21.7,1924,2004,11.8,11.9,9634,57.2,42.8,41.7,57.9,31,47.6,14.8,6.7,30.7,16.7,37.2,15.4,3.9,15.5,4.8,50.1,11.9,13.8,1254,831,1277,843,1232,814,1656,1015,979,715,967,720,977,717,20761,0.9,8.2,19.8,34,24.8,5.8,4,2.5,12.73,11.78817815,7.180156658,6.648936828,NA,NA,6.905602619,6.55,NA,NA,16.3103186,15.47042202,12.15816183,11.53207973,12.73,11.78817815
2016,32,3120,1998,1750,1098,248,63,365,64.1,56.1,62.8,12.4,17.7,2124,2192,13.6,13.5,1750,58.4,41.6,40.6,59,27.8,51.1,15.5,5.6,28.2,15.7,39,17.1,2.2,14.6,3.6,60.6,9.8,9.2,1270,791,1292,794,1248,789,1675,1014,1036,691,941,678,1021,688,3875,1.6,8.2,21.7,32.7,21.8,6.7,4.1,3.1,12.73,11.78817815,7.180156658,6.648936828,NA,NA,6.905602619,6.55,NA,NA,16.3103186,15.47042202,12.15816183,11.53207973,12.73,11.78817815
2016,33,14110,8488,7446,5191,1043,174,1345,60.2,52.8,69.7,12.3,15.5,2623,2676,16.5,16.4,7446,57.5,42.5,44.3,55.2,24.1,50.7,17.5,7.7,20.7,15.7,42,21.6,2.6,12.8,4,54.5,15.7,10.4,1576,948,1626,973,1529,936,2169,1232,1131,782,1029,719,1105,763,16936,1.7,6.1,17.1,31.3,24.5,8.3,6.2,4.8,12.73,11.78817815,7.180156658,6.648936828,NA,NA,6.905602619,6.55,NA,NA,16.3103186,15.47042202,12.15816183,11.53207973,12.73,11.78817815
2016,35,36436,24685,21616,15618,3069,962,4932,67.7,59.3,72.3,12.4,19.2,3019,3097,17.9,18,21616,55.6,44.4,61.4,36.7,27,49.9,16.1,7,18.1,14,43.1,24.8,3.2,11.5,4.2,56.7,12.6,11.8,1876,1100,1926,1133,1830,1074,2292,1281,1116,854,1203,888,1131,860,44723,1.2,3.7,12.7,29.8,29.3,9.9,7,6.4,12.73,11.78817815,7.180156658,6.648936828,NA,NA,6.905602619,6.55,NA,NA,16.3103186,15.47042202,12.15816183,11.53207973,12.73,11.78817815
2016,41,9015,5942,5457,3849,486,204,880,65.9,60.5,70.5,8.2,14.3,2407,2464,14.6,14.6,5457,56.9,43.1,67.8,31,31,47.3,15.7,6.1,25.6,17.4,37.5,19.4,3.2,12.3,3.6,59.8,9.1,12,1506,1001,1537,1013,1477,998,1714,1119,1008,783,1138,861,1021,790,11160,0.9,5,15.2,31.5,29.8,8.7,5.8,3.2,12.73,11.78817815,7.180156658,6.648936828,NA,NA,6.905602619,6.55,NA,NA,16.3103186,15.47042202,12.15816183,11.53207973,12.73,11.78817815
2016,42,5584,3723,3482,2702,241,64,365,66.7,62.4,77.6,6.5,9.6,2414,2460,14.6,14.6,3482,56.6,43.4,84.3,15.5,32.2,47.9,14.5,5.4,23.4,19.7,38.6,18.4,2,12.5,2.4,64,6.5,12.6,1580,1150,1591,1162,1569,1138,1675,1225,1029,814,1388,1067,1085,852,6879,0.7,2.7,10,30.6,35.7,11.1,5.9,3.2,12.73,11.78817815,7.180156658,6.648936828,NA,NA,6.905602619,6.55,NA,NA,16.3103186,15.47042202,12.15816183,11.53207973,12.73,11.78817815
2016,43,9212,6151,5652,4010,500,184,929,66.8,61.4,70.9,8.1,14.7,2481,2563,15,15.1,5652,56.1,43.9,82.3,17.4,28.3,47.4,16.7,7.6,26.8,19,37.3,16.8,3.4,13.7,4.4,54.7,8.6,15.1,1685,1115,1701,1125,1670,1102,1821,1184,1115,829,1076,875,1104,845,11205,0.7,4.1,12.3,29.5,31.7,10.9,6.4,4.5,12.73,11.78817815,7.180156658,6.648936828,NA,NA,6.905602619,6.55,NA,NA,16.3103186,15.47042202,12.15816183,11.53207973,12.73,11.78817815
2016,50,2040,1364,1268,778,96,56,207,66.8,62.1,61.4,7.1,14.6,2239,2329,13.7,13.8,1268,56.7,43.3,43.4,55.2,30.6,48.4,14.9,6.2,32.1,17.2,33.7,16.9,3.6,16.9,4,51.1,13.4,11,1406,963,1424,970,1387,957,1696,1109,1147,831,1285,894,1159,834,2617,0.5,5.2,17,33.6,27.8,7.9,4.9,3.1,12.73,11.78817815,7.180156658,6.648936828,NA,NA,6.905602619,6.55,NA,NA,16.3103186,15.47042202,12.15816183,11.53207973,12.73,11.78817815
2016,51,2567,1692,1530,931,162,54,248,65.9,59.6,60.9,9.6,14.2,2237,2266,13.9,13.9,1530,60.4,39.6,34,65.4,32,50.3,12.7,5,29.6,19.7,35.1,15.5,3.6,15.9,2.9,57.1,10.6,9.9,1253,904,1300,921,1206,874,1658,1102,1061,807,1015,820,1055,809,3305,1.2,5.4,19,34,27.3,7.4,3.7,1.9,12.73,11.78817815,7.180156658,6.648936828,NA,NA,6.905602619,6.55,NA,NA,16.3103186,15.47042202,12.15816183,11.53207973,12.73,11.78817815
2016,52,5282,3524,3146,1866,379,112,591,66.7,59.6,59.3,10.7,16.3,2095,2132,12.7,12.8,3146,58.8,41.2,35.1,64.1,30,51.2,13.3,5.5,29.3,17.4,36.1,17.2,2.8,14,3.2,58.3,11,10.7,1238,861,1278,875,1199,844,1576,996,1049,773,1031,773,1047,773,6724,1.3,5.8,19.7,35.4,25,6.7,3.8,2.3,12.73,11.78817815,7.180156658,6.648936828,NA,NA,6.905602619,6.55,NA,NA,16.3103186,15.47042202,12.15816183,11.53207973,12.73,11.78817815
2016,53,2312,1572,1383,1004,189,54,290,68,59.8,72.6,12,17.8,3937,4033,24,24,1383,54.5,45.5,37.2,62,27.6,53.6,14.1,4.7,16.7,13.5,36.9,32.9,1.6,11.5,5.9,66.9,7.9,6.2,2513,1175,2572,1216,2457,1162,3613,1937,1863,1003,1648,988,1832,1001,2884,0.8,5,13.8,24.6,22.1,10.8,10.1,12.7,12.73,11.78817815,7.180156658,6.648936828,NA,NA,6.905602619,6.55,NA,NA,16.3103186,15.47042202,12.15816183,11.53207973,12.73,11.78817815
2017,11,1342,849,784,435,64,36,145,63.3,58.5,55.4,7.6,16.4,1891,1929,11.8,11.8,784,60.5,39.5,31.4,68,32.4,49.5,12.3,5.8,34.6,17.8,35.2,12.4,5.6,16.2,4.3,54.6,8.5,10.8,1026,744,1049,772,1002,710,1171,872,960,698,943,736,958,700,1727,1.2,9,23.4,33.8,23.7,5.2,2.4,1.2,15.06,12.83012438,7.561246093,6.441681797,NA,NA,9.575494316,8.09,NA,NA,18.41705419,15.55992448,14.32345988,12.10138992,15.06,12.83012438
2017,12,611,342,294,121,49,50,116,56,48.1,41.1,14.2,29.7,1747,1784,11.7,11.7,294,61.4,38.6,19.1,80.3,31.9,50,12.4,5.7,34.8,14.5,34.5,16.2,4.7,23.6,4.1,53.1,8.8,5.7,811,478,827,485,795,474,1149,662,727,435,842,515,735,442,840,1.3,27.9,24.5,24.2,15,3.5,2.3,1.4,15.06,12.83012438,7.561246093,6.441681797,NA,NA,9.575494316,8.09,NA,NA,18.41705419,15.55992448,14.32345988,12.10138992,15.06,12.83012438
2017,13,2837,1818,1555,610,263,145,515,64.1,54.8,39.2,14.5,26.2,1967,2010,12.6,12.6,1555,61,39,17.7,80.3,30.8,50,13.3,5.8,30.9,12.5,40.7,15.9,4.1,25.5,4.5,52.2,7.2,6.5,899,461,951,467,847,457,1690,634,715,435,1093,517,728,438,3858,1.7,25.2,29.2,23.7,12.1,3.6,2.2,2.3,15.06,12.83012438,7.561246093,6.441681797,NA,NA,9.575494316,8.09,NA,NA,18.41705419,15.55992448,14.32345988,12.10138992,15.06,12.83012438
2017,14,356,221,198,97,23,16,49,62.1,55.6,48.9,10.5,20.9,2144,2196,13.6,13.6,198,59,41,21.5,73.3,31.9,50.9,12.7,4.4,21.7,13.8,43.7,20.8,3.5,19.6,3.4,52.7,12,8.8,1054,591,1073,607,1035,587,1460,849,955,560,993,657,959,574,486,1.7,12.4,28.8,28.4,17.8,5.2,3.6,2.2,15.06,12.83012438,7.561246093,6.441681797,NA,NA,9.575494316,8.09,NA,NA,18.41705419,15.55992448,14.32345988,12.10138992,15.06,12.83012438
2017,15,6291,3891,3446,1236,445,517,1350,61.9,54.8,35.9,11.4,30.6,1471,1523,9.6,9.6,3446,61.2,38.8,18.2,80.6,31.6,49.6,13.2,5.6,38.3,17.9,33.8,10,5.9,24.1,7.2,36.5,11.8,14.5,768,499,780,508,756,492,1077,629,693,457,761,549,700,464,8376,1,22.4,29.3,29.4,12.3,2.8,1.9,0.9,15.06,12.83012438,7.561246093,6.441681797,NA,NA,9.575494316,8.09,NA,NA,18.41705419,15.55992448,14.32345988,12.10138992,15.06,12.83012438
2017,16,592,358,296,121,62,38,116,60.5,50,41,17.4,29.3,2273,2311,13.9,13.9,296,59,41,18.6,80.9,29,53.2,12.8,5,27.4,15.5,37.7,19.4,1.5,23,7.2,48.8,13.2,6.3,964,469,980,467,948,471,1135,483,903,451,1114,555,923,465,805,1.3,23,29.8,23.6,12.1,4.8,2.9,2.4,15.06,12.83012438,7.561246093,6.441681797,NA,NA,9.575494316,8.09,NA,NA,18.41705419,15.55992448,14.32345988,12.10138992,15.06,12.83012438
2017,17,1179,701,625,296,76,56,170,59.4,53,47.3,10.9,22.5,1821,1848,11.3,11.3,625,61.1,38.9,24.1,74.9,28.4,51.7,14.1,5.8,29.8,13.9,38.5,17.7,3.6,19.8,3.7,57.7,8.5,6.7,989,656,1015,662,963,637,1358,790,884,596,812,644,874,605,1524,1.1,13.5,26.5,32.9,17.5,4.6,2.4,1.5,15.06,12.83012438,7.561246093,6.441681797,NA,NA,9.575494316,8.09,NA,NA,18.41705419,15.55992448,14.32345988,12.10138992,15.06,12.83012438
2017,21,5171,2723,2355,795,368,544,1189,52.7,45.5,33.7,13.5,36.4,1274,1335,8.7,8.7,2355,59.9,40.1,19.3,79.9,30.9,50.4,12.9,5.8,36.3,16.3,36.2,11.2,5.1,28.2,5.3,44.3,8.5,8.5,635,403,637,400,633,405,896,514,574,374,579,410,574,380,6958,1.7,31.1,29.1,24.8,9.2,2.3,1.1,0.6,15.06,12.83012438,7.561246093,6.441681797,NA,NA,9.575494316,8.09,NA,NA,18.41705419,15.55992448,14.32345988,12.10138992,15.06,12.83012438
2017,22,2522,1441,1265,463,176,259,683,57.1,50.1,36.6,12.2,40.2,1349,1412,9.2,9.2,1265,58.9,41.1,20.9,78.9,27.9,50.1,14.8,7.2,40.4,16.6,28.1,14.9,9.4,27.4,5.8,42.8,7.1,7.5,800,503,791,503,808,503,1149,666,704,463,761,531,710,470,3250,0.6,25.4,26.2,27.6,13.7,3.4,2,1.1,15.06,12.83012438,7.561246093,6.441681797,NA,NA,9.575494316,8.09,NA,NA,18.41705419,15.55992448,14.32345988,12.10138992,15.06,12.83012438
2017,23,7111,4011,3514,1537,497,519,1404,56.4,49.4,43.8,12.4,31,1575,1610,10.1,10.1,3514,59.3,40.7,27.5,71.8,31.5,49.6,13,5.9,31.4,16.6,38.4,13.6,6,22.7,4,47.8,10.7,8.9,872,521,902,521,844,520,1254,658,729,479,722,509,728,483,9010,0.9,22.8,27.1,29,13.3,3.4,2,1.6,15.06,12.83012438,7.561246093,6.441681797,NA,NA,9.575494316,8.09,NA,NA,18.41705419,15.55992448,14.32345988,12.10138992,15.06,12.83012438
2017,24,2758,1491,1274,619,217,258,624,54.1,46.2,48.6,14.6,35.7,1581,1648,10.1,10.1,1274,59.7,40.3,37,62.8,29.1,51.9,14.8,4.2,33.2,15.4,35.4,16,6,20.2,5.3,45.3,11.7,11.4,903,553,910,552,895,554,1084,665,807,520,707,511,797,518,3450,1.3,20.2,25.8,29.1,15.8,3.4,2.7,1.7,15.06,12.83012438,7.561246093,6.441681797,NA,NA,9.575494316,8.09,NA,NA,18.41705419,15.55992448,14.32345988,12.10138992,15.06,12.83012438
2017,25,3120,1703,1529,672,174,267,620,54.6,49,44,10.2,31.5,1632,1741,10.8,10.8,1529,58.8,41.2,33.1,66.6,28.2,50,15.6,6.2,38.8,11.6,32.9,16.7,5.8,25,3.9,44.7,9.5,11.1,960,539,945,537,973,541,1262,632,799,515,886,621,806,517,3952,0.5,19.5,28.1,29.1,14.4,3.9,2.4,2.1,15.06,12.83012438,7.561246093,6.441681797,NA,NA,9.575494316,8.09,NA,NA,18.41705419,15.55992448,14.32345988,12.10138992,15.06,12.83012438
2017,26,7456,4109,3409,1641,700,431,1475,55.1,45.7,48.1,17,32.5,1651,1726,10.7,10.7,3409,59.3,40.7,31.8,67.5,27.7,52.7,14.2,5.5,32.7,13.2,39.4,14.8,4.9,20.9,4.5,45,14,10.7,893,524,888,524,898,524,1264,670,727,493,707,534,725,504,9369,1.3,22.7,25.5,29.3,13.8,3.7,1.8,1.9,15.06,12.83012438,7.561246093,6.441681797,NA,NA,9.575494316,8.09,NA,NA,18.41705419,15.55992448,14.32345988,12.10138992,15.06,12.83012438
2017,27,2564,1236,1022,515,215,229,520,48.2,39.9,50.4,17.4,35.5,1428,1455,9.7,9.7,1022,60.4,39.6,23.9,75.4,29.9,52.1,13.4,4.6,39.9,14.3,32.9,12.9,3.9,24.2,3.4,52.9,8.9,6.7,698,442,710,441,688,442,933,518,626,421,655,390,628,417,3299,1.5,27.4,29.3,27.1,9.7,2.5,1.5,1,15.06,12.83012438,7.561246093,6.441681797,NA,NA,9.575494316,8.09,NA,NA,18.41705419,15.55992448,14.32345988,12.10138992,15.06,12.83012438
2017,28,1765,1024,876,410,147,112,379,58,49.6,46.8,14.4,33.4,1646,1684,10.7,10.7,876,58.3,41.7,21.6,77.4,30.5,51.3,13.6,4.6,37.8,15.1,32.5,14.6,7.8,23.7,6.5,43,7.8,11.2,890,524,905,524,876,524,1252,731,790,501,828,516,793,502,2255,1.8,22.5,25.5,28.2,13.7,4.3,2.4,1.6,15.06,12.83012438,7.561246093,6.441681797,NA,NA,9.575494316,8.09,NA,NA,18.41705419,15.55992448,14.32345988,12.10138992,15.06,12.83012438
2017,29,11582,6956,5799,2556,1158,1034,3123,60.1,50.1,44.1,16.6,39.1,1602,1712,11,10.8,5799,58.5,41.5,19.3,80,29.2,50.7,14.2,5.9,36.1,14.2,37.7,12,7.5,22.2,4.7,45.6,9.1,10.9,920,514,974,514,868,514,1483,617,802,459,744,518,787,482,14727,1.8,24,27.4,27,12.5,3.3,2,2,15.06,12.83012438,7.561246093,6.441681797,NA,NA,9.575494316,8.09,NA,NA,18.41705419,15.55992448,14.32345988,12.10138992,15.06,12.83012438
2017,31,16969,11129,9777,5975,1352,726,2807,65.6,57.6,61.1,12.1,23.7,1965,2047,12.2,12.2,9777,57.3,42.7,40.9,58.7,30.2,48.4,15.2,6.2,29.4,16.6,37.7,16.4,4.3,16.1,4.3,51.2,10.1,13.9,1307,863,1340,881,1274,849,1717,1047,1048,740,958,741,1032,740,20895,1.1,7.5,19.8,33,25,6.7,3.9,3,15.06,12.83012438,7.561246093,6.441681797,NA,NA,9.575494316,8.09,NA,NA,18.41705419,15.55992448,14.32345988,12.10138992,15.06,12.83012438
2017,32,3120,2060,1793,1069,267,92,445,66,57.5,59.6,13,20.7,2131,2205,13.3,13.3,1793,58.1,41.9,41,58.4,27,51.2,15.2,6.6,27.9,15.5,38.9,17.7,2.7,16.3,3,57.8,10.6,9.6,1272,811,1299,818,1245,801,1743,1044,988,695,912,657,975,691,3920,1.7,8.5,20.1,33,23.3,6.2,4.3,3,15.06,12.83012438,7.561246093,6.441681797,NA,NA,9.575494316,8.09,NA,NA,18.41705419,15.55992448,14.32345988,12.10138992,15.06,12.83012438
2017,33,14244,8834,7520,4960,1313,215,1751,62,52.8,66,14.9,19.3,2463,2524,15.6,15.6,7520,57.1,42.9,43.9,55.5,24,50,17.6,8.4,20.2,15.3,43.2,21.3,2.4,14.5,3.9,54.4,13.8,11,1541,960,1573,979,1510,943,2110,1185,1099,797,1105,776,1100,792,17042,1.9,5.9,16.3,31.3,25.9,8.2,6.1,4.5,15.06,12.83012438,7.561246093,6.441681797,NA,NA,9.575494316,8.09,NA,NA,18.41705419,15.55992448,14.32345988,12.10138992,15.06,12.83012438
2017,35,36650,25103,21707,15079,3396,998,5502,68.5,59.2,69.5,13.5,21.1,2896,2977,17.2,17.3,21707,55.5,44.5,59.2,38.9,26.8,50.1,15.8,7.3,18.8,14.7,43.1,23.4,3.8,11.3,4.6,55.5,11.6,13.1,1798,1082,1833,1104,1765,1063,2174,1253,1156,839,1163,849,1157,843,45130,1.2,4.3,13.8,28.3,30.6,9.6,6,6.3,15.06,12.83012438,7.561246093,6.441681797,NA,NA,9.575494316,8.09,NA,NA,18.41705419,15.55992448,14.32345988,12.10138992,15.06,12.83012438
2017,41,9051,6001,5466,3718,535,252,1042,66.3,60.4,68,8.9,16.7,2448,2515,14.8,14.8,5466,58,42,67.2,31.5,31.1,47.8,14.9,6.2,25.6,17.6,36.9,19.8,3.2,13.9,3.8,58.2,9.1,11.8,1540,1034,1547,1035,1534,1029,1753,1109,1074,841,1029,795,1069,835,11247,1,4.6,14.4,31.5,30.1,8.8,5.6,3.9,15.06,12.83012438,7.561246093,6.441681797,NA,NA,9.575494316,8.09,NA,NA,18.41705419,15.55992448,14.32345988,12.10138992,15.06,12.83012438
2017,42,5721,3863,3577,2753,286,83,452,67.5,62.5,77,7.4,11.4,2486,2537,15.2,15.2,3577,56.4,43.6,83.1,16.5,32,48.8,14.2,5,22.2,19.1,39.1,19.5,2.9,12.3,2.7,62.7,6,13.4,1685,1253,1713,1275,1658,1238,1792,1338,1173,959,1207,948,1178,959,6971,0.9,2.2,8.6,26.6,39,12.5,7,3.4,15.06,12.83012438,7.561246093,6.441681797,NA,NA,9.575494316,8.09,NA,NA,18.41705419,15.55992448,14.32345988,12.10138992,15.06,12.83012438
2017,43,9258,6120,5600,3950,520,202,1024,66.1,60.5,70.5,8.5,16.2,2463,2566,14.8,14.9,5600,55.7,44.3,80.9,18.8,27.8,46.7,17.4,8.1,26.5,18.7,37,17.9,3.6,14.4,3.4,56.3,7.3,15.1,1729,1121,1727,1130,1730,1114,1907,1250,1031,797,1096,822,1049,801,11259,0.7,3.8,11.8,28.8,32.7,10.6,7.4,4.3,15.06,12.83012438,7.561246093,6.441681797,NA,NA,9.575494316,8.09,NA,NA,18.41705419,15.55992448,14.32345988,12.10138992,15.06,12.83012438
2017,50,2053,1390,1256,780,134,79,276,67.7,61.2,62.2,9.6,18.8,2221,2294,13.9,13.9,1256,57.7,42.3,44.5,54.6,30.3,48,14.3,7.5,30.5,16.6,34.9,18,4,14.7,3.7,49.6,14.7,13.4,1371,951,1401,975,1343,920,1694,1118,1114,795,1233,892,1127,803,2647,0.8,5.5,17.5,32.1,28,8,5,3.1,15.06,12.83012438,7.561246093,6.441681797,NA,NA,9.575494316,8.09,NA,NA,18.41705419,15.55992448,14.32345988,12.10138992,15.06,12.83012438
2017,51,2602,1718,1568,959,151,67,261,66,60.2,61.2,8.8,14.6,2253,2307,13.6,13.6,1568,60.4,39.6,32.3,66.6,29.2,51.9,13.6,5.3,30.3,18,34.9,16.8,2.6,17.7,3,57.4,8.7,10.5,1321,934,1351,957,1291,915,1764,1110,1115,836,1071,812,1109,834,3346,1.1,5.9,16.5,33.9,28.6,7.1,4.3,2.6,15.06,12.83012438,7.561246093,6.441681797,NA,NA,9.575494316,8.09,NA,NA,18.41705419,15.55992448,14.32345988,12.10138992,15.06,12.83012438
2017,52,5453,3701,3294,1885,407,156,723,67.9,60.4,57.2,11,18.7,2198,2257,13.4,13.5,3294,57.7,42.3,35.9,63.3,29.8,50.3,13.7,6.2,28.5,17.3,37.8,16.5,3.5,14.4,3.5,53.9,11.9,12.8,1345,907,1366,932,1325,884,1670,1048,1178,829,1063,769,1164,824,6824,0.9,5.5,17.3,34.1,27.3,7.7,4.3,2.9,15.06,12.83012438,7.561246093,6.441681797,NA,NA,9.575494316,8.09,NA,NA,18.41705419,15.55992448,14.32345988,12.10138992,15.06,12.83012438
2017,53,2377,1609,1408,976,200,75,327,67.7,59.2,69.3,12.5,19.5,4021,4122,24.7,24.7,1408,53.5,46.5,36.1,62.2,27.3,52.9,14.3,5.5,17.5,11.5,36.9,34.1,2.4,14.8,5.5,61.8,7.4,8.1,2580,1145,2616,1174,2546,1109,3677,1785,1854,991,1664,846,1824,975,2928,0.9,4.5,14.6,26.2,20.7,9.5,9.7,13.8,15.06,12.83012438,7.561246093,6.441681797,NA,NA,9.575494316,8.09,NA,NA,18.41705419,15.55992448,14.32345988,12.10138992,15.06,12.83012438
2018,11,1363,858,777,418,81,32,144,62.9,57,53.8,9.4,16.2,2095,2186,13,13.1,777,62.6,37.4,30,68.3,30.7,48.4,14.2,6.6,36.3,15.3,33.5,15,4.3,16.4,3.6,55.8,9.7,10.2,1159,758,1181,766,1137,755,1455,860,1014,699,1157,812,1028,706,1747,1.3,9.2,21.9,33.5,23,6.2,2.7,2,15.31,13.46897481,5.204648813,4.456689055,NA,NA,28.03931053,24.63,NA,NA,22.26873914,19.56107461,17.15495459,15.06907707,15.31,13.46897481
2018,12,639,368,319,138,49,65,132,57.5,49.8,43.4,13.4,30.5,1827,1887,12.4,12.5,319,59.4,40.6,22.1,76.2,31.6,48.6,13.9,5.9,29.7,14,37.9,18.4,4.3,24.8,4.2,50.2,10.6,5.9,934,534,941,543,926,523,1279,730,823,505,1054,586,839,509,853,1.2,23.7,24,26.5,14.8,4.8,3.5,1.7,15.31,13.46897481,5.204648813,4.456689055,NA,NA,28.03931053,24.63,NA,NA,22.26873914,19.56107461,17.15495459,15.06907707,15.31,13.46897481
2018,13,2940,1843,1587,653,256,194,554,62.7,54,41.1,13.9,27.2,1631,1678,10.6,10.5,1587,60.2,39.8,17.7,79.8,30.7,49.6,13.8,5.9,29.9,13.5,40.2,16.4,3.4,27.7,3.9,54,6.2,4.8,822,482,828,487,817,475,1418,733,709,452,764,472,711,453,3918,1.1,25.2,28.1,24.6,13.5,3.6,2.7,1.2,15.31,13.46897481,5.204648813,4.456689055,NA,NA,28.03931053,24.63,NA,NA,22.26873914,19.56107461,17.15495459,15.06907707,15.31,13.46897481
2018,14,391,253,220,107,33,22,71,64.6,56.2,48.7,13,26,2415,2487,15.5,15.4,220,59.2,40.8,24.2,69.4,31.1,49.1,14.7,5.1,22.8,11.8,43.8,21.6,4.5,22.9,2.9,50.4,9,10.3,1255,700,1239,700,1272,699,1886,1039,1121,662,1058,688,1114,666,513,3.1,14.9,21.6,25.3,19.7,6.2,5.8,3.4,15.31,13.46897481,5.204648813,4.456689055,NA,NA,28.03931053,24.63,NA,NA,22.26873914,19.56107461,17.15495459,15.06907707,15.31,13.46897481
2018,15,6366,3824,3379,1183,445,546,1399,60.1,53.1,35,11.6,32,1666,1759,10.8,10.9,3379,61.1,38.9,18.1,80.5,29.9,50.9,13.7,5.5,35.7,16.9,34.6,12.8,6.1,25.6,5.9,36.8,12.6,13.1,889,500,897,501,880,500,1398,652,778,473,770,473,777,473,8464,1.1,23.5,28.3,26.1,13.5,3.3,2.1,2.1,15.31,13.46897481,5.204648813,4.456689055,NA,NA,28.03931053,24.63,NA,NA,22.26873914,19.56107461,17.15495459,15.06907707,15.31,13.46897481
2018,16,607,365,289,132,76,30,132,60.1,47.6,45.7,20.7,33.6,2066,2076,13.6,13.6,289,60.2,39.8,18.4,80.2,27.4,52.7,13.9,6,23.6,12.5,41.9,22,2.3,21.6,3.6,57.1,9.9,5.5,884,511,890,504,879,512,1191,653,813,474,941,466,824,474,821,1.3,24.4,26.3,22.9,15.9,4.1,3.5,1.6,15.31,13.46897481,5.204648813,4.456689055,NA,NA,28.03931053,24.63,NA,NA,22.26873914,19.56107461,17.15495459,15.06907707,15.31,13.46897481
2018,17,1197,710,632,304,77,66,181,59.3,52.8,48,10.9,23.3,2005,2057,13.1,13.2,632,60.6,39.4,21.9,76.4,31.7,50,12.3,6.1,27.5,14.8,39.2,18.5,3.7,18,3.9,58.7,8.3,7.3,1078,657,1109,666,1046,646,1607,891,917,588,961,626,924,591,1541,1.1,14,25.1,32,17.6,5.2,2.8,2.3,15.31,13.46897481,5.204648813,4.456689055,NA,NA,28.03931053,24.63,NA,NA,22.26873914,19.56107461,17.15495459,15.06907707,15.31,13.46897481
2018,21,5232,2632,2248,788,384,625,1270,50.3,43,35,14.6,39,1324,1364,9.4,9.4,2248,59.1,40.9,19.2,79.5,31.4,49.9,13,5.7,32.8,15.3,39.5,12.5,6.1,27.5,4.7,44,9,8.7,625,397,623,398,628,397,839,510,571,373,614,433,577,380,7000,2.2,30.8,29.2,23.9,10,2,1.2,0.7,15.31,13.46897481,5.204648813,4.456689055,NA,NA,28.03931053,24.63,NA,NA,22.26873914,19.56107461,17.15495459,15.06907707,15.31,13.46897481
2018,22,2542,1407,1228,462,179,268,688,55.4,48.3,37.6,12.8,41,1410,1526,9.5,9.5,1228,59.2,40.8,20.6,79.2,28.1,49.2,15,7.8,36.6,15.3,32.8,15.3,11.1,24.4,5.8,41.2,8,9.7,835,518,844,519,827,517,1201,686,749,486,727,516,747,492,3262,0.4,25.4,25.3,27.1,14.4,3.8,2.5,1.1,15.31,13.46897481,5.204648813,4.456689055,NA,NA,28.03931053,24.63,NA,NA,22.26873914,19.56107461,17.15495459,15.06907707,15.31,13.46897481
2018,23,7189,4106,3630,1553,476,550,1424,57.1,50.5,42.8,11.6,30.6,1517,1557,9.6,9.6,3630,57,43,27.6,71.5,29.9,49.3,14.6,6.2,30.9,16.7,38.1,14.3,6.2,22,4,47.2,11.5,9.2,886,524,889,524,883,524,1268,666,735,500,732,521,734,502,9065,0.9,22.3,26.3,29.7,13.5,3.4,2.2,1.8,15.31,13.46897481,5.204648813,4.456689055,NA,NA,28.03931053,24.63,NA,NA,22.26873914,19.56107461,17.15495459,15.06907707,15.31,13.46897481
2018,24,2749,1512,1317,637,195,282,651,55,47.9,48.4,12.9,36.3,1710,1798,11.3,11.3,1317,57.7,42.3,36.2,63.6,26.6,52.9,15,5.4,31,13.5,37.6,17.9,6.5,22.6,5.2,44.7,10.1,11,989,585,970,574,1006,592,1271,740,832,517,841,586,833,518,3479,0.7,21,24.7,27.5,15.1,5.4,3.5,2.2,15.31,13.46897481,5.204648813,4.456689055,NA,NA,28.03931053,24.63,NA,NA,22.26873914,19.56107461,17.15495459,15.06907707,15.31,13.46897481
2018,25,3117,1708,1529,659,180,291,677,54.8,49,43.1,10.5,33.9,1572,1666,10.3,10.3,1529,59.6,40.4,32.4,67.2,28.2,50.3,14.9,6.5,38.1,13,33,15.9,6.9,23.1,4.4,42.7,10.4,12.4,911,533,904,531,917,533,1192,607,770,515,820,537,774,517,3974,0.7,22.7,25.9,29.8,13.4,3,2.6,2,15.31,13.46897481,5.204648813,4.456689055,NA,NA,28.03931053,24.63,NA,NA,22.26873914,19.56107461,17.15495459,15.06907707,15.31,13.46897481
2018,26,7468,4292,3595,1741,696,447,1551,57.5,48.1,48.4,16.2,32.7,1621,1683,10.3,10.4,3595,58.1,41.9,31.8,66.9,27.3,53.2,14.1,5.4,30.3,12.7,39.3,17.7,5,20.5,4.3,48,12.3,9.9,887,535,892,541,882,529,1146,675,767,507,732,476,764,506,9435,1.2,22,25.4,29.2,14.1,4,2.4,1.7,15.31,13.46897481,5.204648813,4.456689055,NA,NA,28.03931053,24.63,NA,NA,22.26873914,19.56107461,17.15495459,15.06907707,15.31,13.46897481
2018,27,2596,1189,992,510,197,271,539,45.8,38.2,51.4,16.6,36.9,1599,1620,10.1,10.2,992,60.6,39.4,28.4,70.3,27.5,55.7,12.2,4.7,35.3,13.1,34.2,17.3,2.6,22.3,3.1,55.6,9.8,6.6,730,447,739,453,722,444,1111,559,602,410,616,426,603,412,3314,2.7,27.9,27.7,25.3,10.5,2.7,2.1,1.1,15.31,13.46897481,5.204648813,4.456689055,NA,NA,28.03931053,24.63,NA,NA,22.26873914,19.56107461,17.15495459,15.06907707,15.31,13.46897481
2018,28,1789,1027,857,403,170,125,426,57.4,47.9,47,16.5,37,1725,1823,11.4,11.4,857,58.4,41.6,20.7,78.5,28.3,52.7,14.3,4.7,34.7,13.9,34.7,16.7,7.5,21.9,6.6,44.5,8.2,11.4,936,514,934,519,938,510,1244,685,853,479,943,566,862,490,2277,1.8,23.9,25.7,25.8,13.5,4,2.9,2.4,15.31,13.46897481,5.204648813,4.456689055,NA,NA,28.03931053,24.63,NA,NA,22.26873914,19.56107461,17.15495459,15.06907707,15.31,13.46897481
2018,29,11726,7000,5835,2518,1165,1148,3231,59.7,49.8,43.1,16.6,39.6,1509,1563,9.9,9.9,5835,58,42,17.5,81.7,27.1,51.5,15,6.4,34.8,12.9,38.6,13.7,6.9,22.5,4.2,45.7,9.3,11.4,865,508,876,508,854,505,1155,549,787,490,834,520,801,504,14785,1.3,23.4,27.8,27,12.5,3.7,2.5,1.7,15.31,13.46897481,5.204648813,4.456689055,NA,NA,28.03931053,24.63,NA,NA,22.26873914,19.56107461,17.15495459,15.06907707,15.31,13.46897481
2018,31,17097,11196,9993,6000,1204,801,2864,65.5,58.4,60,10.8,23.9,1966,2065,12.2,12.2,9993,56.8,43.2,39.6,60.1,28,49.3,15.4,7.3,29.7,16.6,36.5,17.2,4.7,17.1,4.3,48.2,10.8,15,1329,888,1358,914,1301,866,1771,1063,1063,772,958,758,1042,770,21021,1,7.2,19.6,32.2,25.8,7.1,4.4,2.9,15.31,13.46897481,5.204648813,4.456689055,NA,NA,28.03931053,24.63,NA,NA,22.26873914,19.56107461,17.15495459,15.06907707,15.31,13.46897481
2018,32,3170,2133,1898,1066,235,87,420,67.3,59.9,56.1,11,18.9,2077,2202,13,13,1898,57,43,37.8,61.3,27.1,50.9,15.2,6.8,26.9,16.2,39.5,17.4,2.7,17,2.9,56.1,9.9,11.4,1333,847,1358,862,1309,837,1832,1046,1049,733,1032,732,1046,733,3968,1.3,8,18.4,33.7,24.1,6.9,4.2,3.4,15.31,13.46897481,5.204648813,4.456689055,NA,NA,28.03931053,24.63,NA,NA,22.26873914,19.56107461,17.15495459,15.06907707,15.31,13.46897481
2018,33,14315,8869,7557,4929,1312,242,1819,62,52.8,65.2,14.8,20,2707,2781,16.8,16.9,7557,56.9,43.1,44.9,54.3,23.7,49.5,18.3,8.4,18.1,14.3,43.5,24,3,13.7,3.6,55.4,12.2,12.1,1708,1007,1727,1009,1690,1005,2299,1243,1259,842,1118,791,1224,824,17153,1.7,5.9,16.1,29.6,25.7,8.3,6.5,6.2,15.31,13.46897481,5.204648813,4.456689055,NA,NA,28.03931053,24.63,NA,NA,22.26873914,19.56107461,17.15495459,15.06907707,15.31,13.46897481
2018,35,37205,25701,22317,15002,3384,1148,5782,69.1,60,67.2,13.2,21.5,2972,3054,17.4,17.4,22317,55.2,44.8,58.2,39.9,27.6,49.1,15.4,7.9,17.6,14,43.9,24.5,3.5,13.1,4.2,52.8,12.4,14,1910,1092,1955,1112,1867,1083,2354,1299,1200,888,1221,912,1204,892,45513,1.1,4.8,12.5,28.3,30.6,9.4,6.9,6.4,15.31,13.46897481,5.204648813,4.456689055,NA,NA,28.03931053,24.63,NA,NA,22.26873914,19.56107461,17.15495459,15.06907707,15.31,13.46897481
2018,41,9157,6088,5583,3828,505,266,1037,66.5,61,68.6,8.3,16.3,2486,2555,15.1,15.2,5583,57,43,65.9,32.9,28.8,48.9,16,6.2,24,17.3,37.3,21.4,3.3,14.1,4.2,57.3,8.9,12.1,1604,1027,1634,1041,1575,1022,1853,1145,1088,837,1239,900,1106,843,11331,1,4.8,13.8,32.1,29.3,8.5,6.2,4.4,15.31,13.46897481,5.204648813,4.456689055,NA,NA,28.03931053,24.63,NA,NA,22.26873914,19.56107461,17.15495459,15.06907707,15.31,13.46897481
2018,42,5789,3915,3667,2848,248,103,450,67.6,63.4,77.7,6.3,11.2,2478,2531,15.6,15.6,3667,56.5,43.5,79.7,19.7,30.7,50.1,14.5,4.7,21.7,18.8,38.7,20.7,3.1,12,2.9,62.9,6.4,12.6,1674,1242,1697,1262,1652,1219,1777,1326,1259,994,1350,1021,1273,999,7062,0.9,2.2,7.9,28.4,38.2,12.5,6.5,3.5,15.31,13.46897481,5.204648813,4.456689055,NA,NA,28.03931053,24.63,NA,NA,22.26873914,19.56107461,17.15495459,15.06907707,15.31,13.46897481
2018,43,9284,6092,5584,3911,509,219,1042,65.6,60.1,70,8.3,16.5,2496,2587,15.1,15.1,5584,56.3,43.7,79.7,20,28.3,46.4,17.4,8,24.6,18.6,38.9,17.9,3.3,15,3.3,55.5,7.4,15.6,1716,1107,1742,1114,1690,1093,1891,1209,1072,811,1126,859,1088,819,11300,0.8,4.6,12.6,27.8,32.2,10.5,6.6,5,15.31,13.46897481,5.204648813,4.456689055,NA,NA,28.03931053,24.63,NA,NA,22.26873914,19.56107461,17.15495459,15.06907707,15.31,13.46897481
2018,50,2107,1435,1319,823,115,74,259,68.1,62.6,62.4,8,17.2,2319,2415,14.2,14.2,1319,58.1,41.9,43.4,54.4,29.6,49.3,14.2,6.9,30.5,17.1,33.2,19.3,4.5,15,3.8,50.1,14.1,12.4,1485,964,1505,990,1465,949,1862,1139,1152,852,1208,874,1159,853,2677,0.9,5.6,16,31.7,28.1,8.8,5.1,3.9,15.31,13.46897481,5.204648813,4.456689055,NA,NA,28.03931053,24.63,NA,NA,22.26873914,19.56107461,17.15495459,15.06907707,15.31,13.46897481
2018,51,2646,1764,1626,968,138,76,276,66.6,61.4,59.6,7.8,15,2384,2440,14.4,14.5,1626,59.6,40.4,31.6,67.4,29.5,49.8,14,6.7,28.7,18.9,33.6,18.8,3.4,16.4,3,55.5,6.8,14.8,1412,995,1451,1007,1373,968,1726,1148,1261,894,1376,1003,1278,902,3388,1,4.3,16.4,33,28.6,8,6.1,2.6,15.31,13.46897481,5.204648813,4.456689055,NA,NA,28.03931053,24.63,NA,NA,22.26873914,19.56107461,17.15495459,15.06907707,15.31,13.46897481
2018,52,5486,3692,3353,1930,339,177,662,67.3,61.1,57.6,9.2,17.1,2155,2214,13.5,13.5,3353,58.2,41.8,35.2,63.6,28.8,50.7,14.5,6.1,26.5,16.9,38.6,17.9,3.8,13.2,4.3,54.5,10.9,13.3,1335,933,1376,966,1293,905,1673,1059,1174,849,1014,742,1150,838,6921,1.1,5.3,18.3,33.4,26.4,7.7,5,2.9,15.31,13.46897481,5.204648813,4.456689055,NA,NA,28.03931053,24.63,NA,NA,22.26873914,19.56107461,17.15495459,15.06907707,15.31,13.46897481
2018,53,2408,1643,1441,994,202,109,400,68.2,59.8,69,12.3,22.8,3946,4039,24.2,24.2,1441,54.2,45.8,36.3,61.8,26.2,53.3,15.1,5.4,16.3,11.5,38.3,33.9,2.7,16.7,5.9,52.3,11.3,11.1,2494,1262,2645,1314,2351,1218,3306,1829,2048,1029,1737,1029,1996,1029,2966,1.4,4.3,13,24.5,22.8,11.2,9.8,12.9,15.31,13.46897481,5.204648813,4.456689055,NA,NA,28.03931053,24.63,NA,NA,22.26873914,19.56107461,17.15495459,15.06907707,15.31,13.46897481
2019,11,1381,888,815,441,72,39,164,64.3,59.1,54.1,8.1,17.7,1974,2053,13,12.9,815,60.4,39.6,28.7,70.1,33.4,47.8,12.5,6.3,32.6,16.6,35.5,15.3,5.4,18.6,4.5,53.7,7.2,10.6,1125,776,1149,781,1101,764,1351,880,1032,728,1040,766,1033,734,1767,1.3,9.5,20.4,35.2,23.1,5.7,3.3,1.6,17,15.38328952,18.31716826,16.57519427,NA,NA,27.7,24.93,NA,NA,32.48663444,29.25323628,18.75,16.86390533,17,15.38328952
2019,12,643,356,304,131,52,60,132,55.4,47.3,43.2,14.7,31.8,1865,1904,12.1,12.1,304,59.9,40.1,18.7,79.9,28.6,53.4,12.1,5.8,29,13.9,36.8,20.3,4.1,23.6,3.5,49.5,12.8,6.5,881,514,882,514,879,514,1320,772,781,488,804,521,782,496,865,2,26.9,22.4,25.2,14.7,4.6,2.6,1.5,17,15.38328952,18.31716826,16.57519427,NA,NA,27.7,24.93,NA,NA,32.48663444,29.25323628,18.75,16.86390533,17,15.38328952
2019,13,2952,1909,1640,645,270,179,568,64.7,55.6,39.3,14.1,27.2,1723,1776,11,11,1640,60.7,39.3,16.1,81.8,31.4,50.7,11.9,6,27.1,13.7,41.8,17.4,3.3,25.1,3.2,50,10.5,8,837,463,841,480,832,448,1299,712,754,433,900,525,760,436,3983,1.3,26.6,27.3,24.6,13.1,3.3,2.2,1.5,17,15.38328952,18.31716826,16.57519427,NA,NA,27.7,24.93,NA,NA,32.48663444,29.25323628,18.75,16.86390533,17,15.38328952
2019,14,389,257,219,97,38,30,89,66.1,56.3,44.3,14.9,30.9,2160,2250,14.7,14.5,219,59.4,40.6,21.6,73,32.5,50.2,12,5.3,20.1,12.8,47.3,19.9,5.9,23.3,2.4,50.4,9.3,8.8,1059,537,1116,537,1002,536,1522,726,994,522,917,612,985,527,540,1.6,21.8,25.6,23.8,16.6,4.2,3.7,2.7,17,15.38328952,18.31716826,16.57519427,NA,NA,27.7,24.93,NA,NA,32.48663444,29.25323628,18.75,16.86390533,17,15.38328952
2019,15,6533,3934,3518,1135,416,425,1219,60.2,53.8,32.3,10.6,28,1503,1542,9.7,9.8,3518,62.3,37.7,19.1,79.9,30.2,49.3,14,6.5,35.2,17.1,35.1,12.6,6.2,26.2,5.1,38,11.2,13.3,801,502,804,506,798,496,1146,625,717,462,773,525,723,468,8558,1.1,23.8,28.8,27.5,12.4,2.9,2.3,1.2,17,15.38328952,18.31716826,16.57519427,NA,NA,27.7,24.93,NA,NA,32.48663444,29.25323628,18.75,16.86390533,17,15.38328952
2019,16,614,390,326,128,64,43,151,63.5,53.1,39.1,16.3,35,1913,1946,13,13,326,58.9,41.1,17.9,81.7,29.3,51.2,13.3,6.2,24.3,15.5,41.5,18.6,4.5,31,4.9,43.2,8.4,7.9,875,518,907,534,845,487,1068,571,839,513,739,368,829,497,838,0.7,19.3,32.2,24.3,14.6,5.4,2.3,1.2,17,15.38328952,18.31716826,16.57519427,NA,NA,27.7,24.93,NA,NA,32.48663444,29.25323628,18.75,16.86390533,17,15.38328952
2019,17,1221,741,652,292,89,67,210,60.7,53.4,44.8,12,26,1879,1921,11.8,11.8,652,59.7,40.3,21.6,76.8,28.3,51.7,13.8,6.2,28.2,13.7,39.5,18.7,3.9,20.5,4.2,56.1,7,8.4,1045,631,1041,637,1049,625,1606,899,909,585,861,633,902,594,1559,1.4,15.5,24.8,31.8,16,5.2,2.9,2.3,17,15.38328952,18.31716826,16.57519427,NA,NA,27.7,24.93,NA,NA,32.48663444,29.25323628,18.75,16.86390533,17,15.38328952
2019,21,5324,2644,2271,785,373,722,1374,49.7,42.7,34.5,14.1,40.8,1315,1354,8.8,8.8,2271,59.3,40.7,19.6,79.6,29.3,50.9,13.6,6.2,32.2,15.9,39.1,12.7,5.2,26.9,5.3,45.7,8.7,8.2,633,408,632,406,634,409,897,523,575,377,577,392,575,381,7039,1.9,32.1,27.3,24.7,9.9,2.3,1.2,0.6,17,15.38328952,18.31716826,16.57519427,NA,NA,27.7,24.93,NA,NA,32.48663444,29.25323628,18.75,16.86390533,17,15.38328952
2019,22,2583,1473,1293,451,180,298,785,57,50.1,34.9,12.2,44.3,1316,1419,9.2,9.2,1293,58.4,41.6,19.2,80.5,27,48.7,15.6,8.6,37.8,14.6,32.1,15.4,12.4,26.6,7.1,37.2,6.6,10.1,830,514,834,514,825,514,1214,685,745,479,713,521,741,483,3271,0.7,24.2,26.6,28.9,12.7,3.1,2.2,1.6,17,15.38328952,18.31716826,16.57519427,NA,NA,27.7,24.93,NA,NA,32.48663444,29.25323628,18.75,16.86390533,17,15.38328952
2019,23,7264,4159,3697,1604,461,575,1441,57.3,50.9,43.4,11.1,30.4,1621,1674,10.3,10.4,3697,57.8,42.2,27.5,71.6,27.9,50.3,14.9,6.8,30.7,15.4,38.6,15.2,6.5,20.3,3.9,47.2,11.2,10.9,945,530,940,529,949,532,1437,704,763,508,775,521,764,513,9125,0.8,21.7,27,29,13.8,3.4,2.2,2.2,17,15.38328952,18.31716826,16.57519427,NA,NA,27.7,24.93,NA,NA,32.48663444,29.25323628,18.75,16.86390533,17,15.38328952
2019,24,2766,1530,1329,676,200,266,655,55.3,48.1,50.9,13.1,36.5,1722,1807,11,11.1,1329,59.2,40.8,37.2,62.5,27.1,53,14.9,5,30.4,14.1,36.6,18.8,6.6,20.2,4.8,46,10,12.4,1032,581,1005,568,1058,590,1297,688,881,524,788,515,868,523,3506,1.1,20.8,23.9,27,15.9,6,2.9,2.4,17,15.38328952,18.31716826,16.57519427,NA,NA,27.7,24.93,NA,NA,32.48663444,29.25323628,18.75,16.86390533,17,15.38328952
2019,25,3148,1708,1493,631,215,271,695,54.3,47.4,42.3,12.6,35.1,1580,1670,10.9,11,1493,60.1,39.9,31.1,68.1,28.3,50.5,14.8,6.5,36.6,12,33.9,17.4,6.5,22.9,4.6,43.4,11,11.7,908,516,911,518,905,516,1124,561,795,511,852,556,801,514,3993,1,23.4,26.2,27.6,13.6,3.6,2.5,2,17,15.38328952,18.31716826,16.57519427,NA,NA,27.7,24.93,NA,NA,32.48663444,29.25323628,18.75,16.86390533,17,15.38328952
2019,26,7649,4215,3576,1663,640,494,1470,55.1,46.8,46.5,15.2,31.2,1692,1772,10.9,10.9,3576,59.1,40.9,31.3,67.6,27.3,52.4,14.1,6.2,29.3,12.7,41,17,4.4,22.3,4,46,12.2,11,953,516,959,518,947,516,1341,644,768,490,811,526,773,512,9497,2.1,21.8,26.6,27.4,13.7,3.9,2.3,2.2,17,15.38328952,18.31716826,16.57519427,NA,NA,27.7,24.93,NA,NA,32.48663444,29.25323628,18.75,16.86390533,17,15.38328952
2019,27,2603,1217,1041,507,176,272,529,46.8,40,48.7,14.5,35.5,1495,1530,9.7,9.7,1041,60.8,39.2,25.3,73.4,28.4,53.4,13.2,5,36.3,14.2,34.1,15.4,4.1,21.8,3.6,53.4,10.4,6.7,729,464,742,457,716,472,950,525,645,433,796,515,656,441,3329,2.2,25.6,28.8,26.9,11.4,2.5,1.7,1,17,15.38328952,18.31716826,16.57519427,NA,NA,27.7,24.93,NA,NA,32.48663444,29.25323628,18.75,16.86390533,17,15.38328952
2019,28,1800,1109,937,412,172,134,473,61.6,52,44,15.5,38.1,1599,1660,10.5,10.5,937,58,42,21.1,77.9,30.7,50.7,13.3,5.3,36.9,13.2,35.5,14.4,8,25.3,7.4,37.4,10,11.9,964,514,973,514,956,514,1509,720,850,489,692,458,830,480,2298,1.1,24.2,26,27,12.7,3.2,3.2,2.6,17,15.38328952,18.31716826,16.57519427,NA,NA,27.7,24.93,NA,NA,32.48663444,29.25323628,18.75,16.86390533,17,15.38328952
2019,29,11815,7113,5954,2591,1159,1085,3184,60.2,50.4,43.5,16.3,38.8,1567,1620,10.6,10.7,5954,58,42,18.4,80.3,26.6,52.3,14.2,6.9,31.8,13.9,39.8,14.5,6.9,22.8,4.4,46.3,8.3,11.4,912,524,932,524,893,524,1251,654,857,514,782,527,836,516,14849,1.5,22.4,25.7,28.3,14.4,3.6,2.2,1.8,17,15.38328952,18.31716826,16.57519427,NA,NA,27.7,24.93,NA,NA,32.48663444,29.25323628,18.75,16.86390533,17,15.38328952
2019,31,17266,11448,10270,6196,1178,827,2836,66.3,59.5,60.3,10.3,23.1,1947,2049,12.2,12.3,10270,56.7,43.3,39.1,60.7,28.2,48.9,15.6,7.3,27.6,16.3,39.1,17.1,5,16.7,3.7,50,10.3,14.3,1334,904,1365,939,1304,871,1775,1046,1063,775,1040,818,1059,782,21151,0.9,7.1,18.6,33.6,26.7,6.4,3.9,2.7,17,15.38328952,18.31716826,16.57519427,NA,NA,27.7,24.93,NA,NA,32.48663444,29.25323628,18.75,16.86390533,17,15.38328952
2019,32,3212,2188,1963,1115,225,95,430,68.1,61.1,56.8,10.3,18.8,2203,2300,13.6,13.6,1963,56.9,43.1,38.6,60.6,27.1,49.9,15.8,7.3,27.3,14.5,38.5,19.7,3.4,16.3,3.1,54.1,10.2,12.8,1440,892,1454,900,1427,884,1986,1089,1114,767,1072,721,1107,762,4015,0.8,8.1,18.6,33.2,24.3,6.2,4.9,4,17,15.38328952,18.31716826,16.57519427,NA,NA,27.7,24.93,NA,NA,32.48663444,29.25323628,18.75,16.86390533,17,15.38328952
2019,33,14456,9031,7699,4893,1332,254,1949,62.5,53.3,63.6,14.7,21,2771,2849,17.2,17.2,7699,56.7,43.3,45,54.3,22.5,50.9,17.9,8.8,17.4,13.1,43.8,25.6,2.8,15.6,4,52.1,12.9,12.5,1802,1026,1818,1028,1788,1024,2504,1337,1244,832,1166,828,1224,832,17256,1.7,6.4,17.2,28.2,25.3,8,6.8,6.4,17,15.38328952,18.31716826,16.57519427,NA,NA,27.7,24.93,NA,NA,32.48663444,29.25323628,18.75,16.86390533,17,15.38328952
2019,35,37461,26144,22894,15741,3250,1125,5615,69.8,61.1,68.8,12.4,20.6,2893,3001,17.2,17.3,22894,55.6,44.4,56.9,41.2,27.1,49.3,16.4,7.2,16.5,14.3,44.5,24.7,3.8,12.1,4.2,52.7,12,15,1902,1140,1934,1160,1872,1112,2350,1361,1197,909,1226,994,1203,928,45889,0.9,4.4,12.3,28.1,31.6,10.2,6.5,5.8,17,15.38328952,18.31716826,16.57519427,NA,NA,27.7,24.93,NA,NA,32.48663444,29.25323628,18.75,16.86390533,17,15.38328952
2019,41,9181,6160,5650,3883,509,270,1091,67.1,61.5,68.7,8.3,17,2513,2591,15.3,15.3,5650,57.3,42.7,63.5,35,28.7,48.3,16.3,6.7,22.3,16.6,38.9,22.1,3.2,14.6,4.4,54.9,9.1,13.8,1596,1040,1620,1066,1572,1028,1840,1171,1146,901,1172,899,1149,901,11419,1,4.3,14.4,30.9,30.7,9,5.6,4,17,15.38328952,18.31716826,16.57519427,NA,NA,27.7,24.93,NA,NA,32.48663444,29.25323628,18.75,16.86390533,17,15.38328952
2019,42,5833,3984,3734,2876,250,87,443,68.3,64,77,6.3,10.9,2543,2599,15.1,15.2,3734,55.9,44.1,79.6,19.8,31.2,49.2,14.2,5.4,19.7,19.2,39.8,21.3,2.1,11.9,2.9,63.9,6.4,12.8,1723,1270,1763,1291,1685,1230,1853,1355,1211,1010,1268,1045,1220,1016,7151,0.8,2.1,8.6,28.3,38.3,11.6,6.7,3.5,17,15.38328952,18.31716826,16.57519427,NA,NA,27.7,24.93,NA,NA,32.48663444,29.25323628,18.75,16.86390533,17,15.38328952
2019,43,9396,6280,5788,4045,492,219,1011,66.8,61.6,69.9,7.8,15.6,2539,2621,15.4,15.4,5788,55.9,44.1,79.6,19.9,27.7,46.8,16.8,8.8,23.6,17.4,39.6,19.4,3.5,14.6,3.6,53.3,9,16,1804,1178,1825,1183,1784,1172,1957,1282,1204,889,1203,851,1204,883,11356,0.7,3.6,11.1,28.7,34,10.4,6.6,4.9,17,15.38328952,18.31716826,16.57519427,NA,NA,27.7,24.93,NA,NA,32.48663444,29.25323628,18.75,16.86390533,17,15.38328952
2019,50,2113,1460,1345,778,116,88,276,69.1,63.6,57.8,7.9,17.8,2318,2399,14.5,14.5,1345,57.1,42.9,41.9,56.1,29.3,49,14.2,7.5,28.2,16.8,34.9,20.1,4.8,15,4.6,50.3,13.1,12.2,1509,1016,1527,1030,1490,1008,1862,1126,1205,886,1269,930,1212,888,2709,0.9,5,14.9,32.1,28.8,9,5.7,3.4,17,15.38328952,18.31716826,16.57519427,NA,NA,27.7,24.93,NA,NA,32.48663444,29.25323628,18.75,16.86390533,17,15.38328952
2019,51,2649,1845,1694,1006,151,85,309,69.6,63.9,59.4,8.2,16,2254,2306,14.1,14,1694,59.5,40.5,29.9,68.7,33.7,47.4,13.4,5.5,26.7,18.3,37.4,17.5,3.1,15.5,3.3,58.1,9.2,10.7,1369,985,1401,1019,1335,945,1816,1152,1180,866,1229,886,1188,873,3430,0.7,5,15.9,34.3,28.5,8.5,4.8,2.4,17,15.38328952,18.31716826,16.57519427,NA,NA,27.7,24.93,NA,NA,32.48663444,29.25323628,18.75,16.86390533,17,15.38328952
2019,52,5643,3817,3409,1933,408,179,731,67.6,60.4,56.7,10.7,18.3,2059,2113,12.4,12.4,3409,57.4,42.6,35.2,63.7,29,50,14.5,6.4,25.8,16,39.8,18.4,3.2,13.8,3,56.1,11.1,12.8,1294,926,1334,957,1255,895,1577,1043,1143,824,1103,811,1137,823,7019,1.5,5.4,19.3,33.6,26.7,6.9,4.7,2.1,17,15.38328952,18.31716826,16.57519427,NA,NA,27.7,24.93,NA,NA,32.48663444,29.25323628,18.75,16.86390533,17,15.38328952
2019,53,2472,1668,1444,982,224,95,402,67.5,58.4,68,13.4,22.8,4001,4094,24.5,24.4,1444,54.2,45.8,39.2,59.7,26.4,52.3,15.3,6,15.4,10.6,38.1,35.9,2.9,16.3,4.8,53.7,9,13.3,2583,1368,2632,1387,2538,1365,3436,1909,2047,1122,1794,1042,2002,1100,3008,0.6,3.7,13.6,23.1,23.3,12.2,11.7,11.8,17,15.38328952,18.31716826,16.57519427,NA,NA,27.7,24.93,NA,NA,32.48663444,29.25323628,18.75,16.86390533,17,15.38328952
2020,11,1409,892,803,478,90,57,184,63.3,57,59.5,10,19.4,1923,1995,12.1,12.2,803,60.1,39.9,30.4,68.9,31,50.4,12.9,5.7,27.4,16.3,39.1,17.2,2.9,17.2,3.2,57.9,8.5,10.2,1109,809,1129,839,1091,793,1336,914,1011,780,1009,805,1010,782,1786,2.2,6.6,16.9,38.5,25.8,6.6,2.3,1.1,16.93,14.30151732,32.24977727,26.5,NA,NA,38.99180618,32.04,NA,NA,21.02048826,17.27276856,26.60478957,21.86145094,16.93,14.30151732
2020,12,663,333,280,127,52,82,149,50.2,42.3,45.2,15.7,35.8,1886,1920,12.1,12.1,280,60.1,39.9,17.9,81.3,26.8,54.1,13.4,5.7,24.9,12.6,40.4,22.2,2.8,24.7,4,53,11.5,4,888,559,924,583,854,538,1198,698,813,531,906,559,818,532,878,1.7,18.4,26.2,29.8,16.1,4.2,2.3,1.3,16.93,14.30151732,32.24977727,26.5,NA,NA,38.99180618,32.04,NA,NA,21.02048826,17.27276856,26.60478957,21.86145094,16.93,14.30151732
2020,13,3016,1790,1524,600,266,244,639,59.3,50.5,39.3,14.8,31.4,1795,1856,11.5,11.5,1524,61.8,38.2,14.2,83.5,30.4,50.3,12.9,6.4,25.5,13.3,43.7,17.6,3,29,3.5,51.4,9,4.1,828,516,846,529,809,504,1437,762,733,493,1185,629,744,502,4043,2,21.6,26.7,29.2,14.1,3.3,1.5,1.6,16.93,14.30151732,32.24977727,26.5,NA,NA,38.99180618,32.04,NA,NA,21.02048826,17.27276856,26.60478957,21.86145094,16.93,14.30151732
2020,14,411,245,204,101,41,36,93,59.6,49.7,49.4,16.6,33.1,2057,2141,12.6,12.6,204,60.6,39.4,18.5,77.9,29.6,53.1,12.2,5.1,18.1,12,48.9,20.9,1.3,23.8,3.4,54.1,9.5,8,950,551,968,549,932,552,1361,755,880,529,969,604,889,540,562,1.8,16.8,28.7,29.1,14.4,4.6,2.4,2.2,16.93,14.30151732,32.24977727,26.5,NA,NA,38.99180618,32.04,NA,NA,21.02048826,17.27276856,26.60478957,21.86145094,16.93,14.30151732
2020,15,6707,3755,3362,1184,393,495,1212,56,50.1,35.2,10.5,28.5,1639,1678,10.4,10.4,3362,61.7,38.3,17.4,81.8,27.3,51.6,14.2,6.8,31.7,15.6,38.4,14.3,4.4,27.1,5.4,43.1,11.3,8.8,863,567,879,570,847,566,1206,725,790,536,806,591,791,539,8644,1.5,14.6,27.6,33.5,15.9,3.7,2.1,1.1,16.93,14.30151732,32.24977727,26.5,NA,NA,38.99180618,32.04,NA,NA,21.02048826,17.27276856,26.60478957,21.86145094,16.93,14.30151732
2020,16,638,358,298,126,60,53,131,56.1,46.7,42.4,16.8,31.8,1961,1997,12.7,12.7,298,61.4,38.6,13.7,85.1,29.7,49.8,13.8,6.7,23.9,14.5,40.6,20.9,1.7,28.2,4.4,52.8,6.2,6.7,856,542,891,580,822,527,1066,606,813,527,885,672,817,531,853,1.2,17.8,28.6,29.5,15.2,4,2.5,1.2,16.93,14.30151732,32.24977727,26.5,NA,NA,38.99180618,32.04,NA,NA,21.02048826,17.27276856,26.60478957,21.86145094,16.93,14.30151732
2020,17,1248,689,612,285,77,117,250,55.2,49.1,46.5,11.2,31,1913,1962,12.1,12.1,612,61.4,38.6,21.3,77.6,25.3,52.8,14.9,7,25.4,13.3,40.4,20.8,3.1,19.6,5,57,8,7.3,1019,684,1037,695,1000,669,1457,885,923,664,896,603,919,652,1577,1.6,11,24,34.1,20.3,4.5,2.7,1.8,16.93,14.30151732,32.24977727,26.5,NA,NA,38.99180618,32.04,NA,NA,21.02048826,17.27276856,26.60478957,21.86145094,16.93,14.30151732
2020,21,5375,2498,2112,745,386,833,1477,46.5,39.3,35.3,15.5,44.3,1376,1401,9.1,9.1,2112,60.3,39.7,18.6,80.5,29.7,51.1,13.5,5.7,27.5,14.4,44.2,13.9,3.2,28,5.7,49.8,7.3,6,662,464,667,463,657,467,920,566,604,441,641,481,609,446,7080,2.2,22.8,30.3,29.7,11.7,1.6,1.2,0.6,16.93,14.30151732,32.24977727,26.5,NA,NA,38.99180618,32.04,NA,NA,21.02048826,17.27276856,26.60478957,21.86145094,16.93,14.30151732
2020,22,2599,1330,1136,425,194,356,801,51.2,43.7,37.4,14.6,47.5,1311,1403,9,9,1136,59.6,40.4,19.9,79.9,25.3,51.2,15.4,8.1,36.4,12.7,33.7,17.3,10.9,27,7.3,40.6,5.9,8.5,836,568,841,568,832,570,1090,711,778,539,785,634,779,547,3280,0.7,16.4,27,32.3,17.9,2.8,1.7,1.2,16.93,14.30151732,32.24977727,26.5,NA,NA,38.99180618,32.04,NA,NA,21.02048826,17.27276856,26.60478957,21.86145094,16.93,14.30151732
2020,23,7375,3767,3264,1498,503,819,1649,51.1,44.3,45.9,13.3,36,1788,1845,11.2,11.2,3264,58.8,41.2,26.5,72.6,26.6,51.7,14.9,6.9,25,15.1,39.4,20.5,5,21.8,3.9,47.2,11.7,10.3,980,565,981,565,978,565,1492,758,812,526,799,558,811,528,9178,1.6,15.8,27.3,30.5,15.6,4.2,2.6,2.3,16.93,14.30151732,32.24977727,26.5,NA,NA,38.99180618,32.04,NA,NA,21.02048826,17.27276856,26.60478957,21.86145094,16.93,14.30151732
2020,24,2804,1445,1209,665,236,332,709,51.5,43.1,55,16.3,39.9,1842,1940,11.7,11.8,1209,60.5,39.5,37,62.9,25.8,52.6,16,5.6,26.1,12.3,38.2,23.4,4.2,23.8,5.1,50.2,7.4,9.3,1045,640,1037,657,1053,631,1292,783,898,572,857,588,893,573,3529,1,12.4,25.4,33.3,18,4.8,3.3,1.9,16.93,14.30151732,32.24977727,26.5,NA,NA,38.99180618,32.04,NA,NA,21.02048826,17.27276856,26.60478957,21.86145094,16.93,14.30151732
2020,25,3143,1542,1268,594,275,414,841,49.1,40.3,46.9,17.8,43,1599,1699,10.4,10.5,1268,61,39,31.2,68.2,26,52,15.7,6.3,33.4,12.6,34.9,19,4.4,22.5,3.8,48.5,10.1,10.7,861,542,888,543,836,540,1048,615,772,519,800,548,774,524,4016,1.4,15.5,30.1,32,14.5,2.4,2.4,1.6,16.93,14.30151732,32.24977727,26.5,NA,NA,38.99180618,32.04,NA,NA,21.02048826,17.27276856,26.60478957,21.86145094,16.93,14.30151732
2020,26,7639,3804,3154,1623,649,765,1661,49.8,41.3,51.4,17.1,36.4,1737,1805,11.2,11.2,3154,59.6,40.4,31.1,68.2,25.7,53.4,14.6,6.3,25.9,11.6,43.3,19.2,3.8,22.4,3.9,46.8,12,11.1,882,540,899,553,866,537,1265,681,723,513,747,565,725,516,9556,2.6,18.5,25.9,31.1,14.4,3.7,2.3,1.5,16.93,14.30151732,32.24977727,26.5,NA,NA,38.99180618,32.04,NA,NA,21.02048826,17.27276856,26.60478957,21.86145094,16.93,14.30151732
2020,27,2591,1149,927,461,223,397,718,44.4,35.8,49.7,19.4,46.4,1568,1647,10.3,10.2,927,59.5,40.5,26.8,72.2,26.6,55.8,12.3,5.3,30.6,13.8,36.1,19.5,4.1,22.7,4.5,48.7,9.6,10.3,768,516,788,516,750,516,994,550,673,500,921,528,691,505,3343,2.6,18.6,29.3,32.7,11.8,2.7,1.2,1.1,16.93,14.30151732,32.24977727,26.5,NA,NA,38.99180618,32.04,NA,NA,21.02048826,17.27276856,26.60478957,21.86145094,16.93,14.30151732
2020,28,1832,1029,828,407,202,184,524,56.2,45.2,49.2,19.6,43.2,1747,1837,11.4,11.4,828,58.6,41.4,19.4,80,29.6,50.8,14.7,4.9,31,12.2,40.6,16.2,6.1,25,5.5,43.5,8.1,11.8,994,602,1000,602,988,592,1484,725,892,564,811,526,882,562,2319,0.8,14.5,26.9,33.2,15.4,3.8,3.4,2,16.93,14.30151732,32.24977727,26.5,NA,NA,38.99180618,32.04,NA,NA,21.02048826,17.27276856,26.60478957,21.86145094,16.93,14.30151732
2020,29,11947,6416,5115,2499,1300,1528,3585,53.7,42.8,48.8,20.3,45.1,1782,1849,11.4,11.4,5115,58.5,41.5,18.6,80.6,23.6,55.5,14.6,6.4,28.3,12.6,41.4,17.7,5.4,22.3,4.1,49.4,9.2,9.6,947,574,994,589,902,565,1437,700,857,554,770,552,833,554,14906,2.4,16,25.8,31.6,16.7,3.5,2.3,1.6,16.93,14.30151732,32.24977727,26.5,NA,NA,38.99180618,32.04,NA,NA,21.02048826,17.27276856,26.60478957,21.86145094,16.93,14.30151732
2020,31,17489,10829,9456,5945,1373,1157,3236,61.9,54.1,62.9,12.7,27,1965,2063,12.1,12.1,9456,58.5,41.5,39.7,60.1,27.7,49.3,15.8,7.1,25.3,14.9,40.9,18.9,3.9,16.3,3.3,55,9.6,11.9,1290,908,1330,940,1251,876,1668,1055,1058,803,1005,789,1048,800,21276,1,5,16.4,35.5,29.7,6.1,3.9,2.3,16.93,14.30151732,32.24977727,26.5,NA,NA,38.99180618,32.04,NA,NA,21.02048826,17.27276856,26.60478957,21.86145094,16.93,14.30151732
2020,32,3264,2087,1818,1085,268,137,495,63.9,55.7,59.7,12.9,22.3,2197,2263,13.4,13.3,1818,57.3,42.7,39.8,59.7,25.1,51.7,16.2,7,24.2,13.6,40.5,21.7,2.2,16.6,2.8,60.3,8.6,9.6,1323,890,1350,899,1298,883,1745,1065,1084,770,964,733,1064,757,4060,1.7,6,16.6,34.9,27,6.1,4.5,3.1,16.93,14.30151732,32.24977727,26.5,NA,NA,38.99180618,32.04,NA,NA,21.02048826,17.27276856,26.60478957,21.86145094,16.93,14.30151732
2020,33,14559,8302,6831,4512,1470,622,2399,57,46.9,66,17.7,26.9,2875,2950,17.9,17.9,6831,57.8,42.2,45.6,54.1,21.3,52,17.9,8.8,15.1,12.4,45.2,27.4,2.9,14.9,3.6,54.5,13.5,10.6,1664,983,1686,1005,1645,939,2281,1211,1185,804,1050,769,1152,799,17359,3,6.1,15.4,30.1,26.1,7.2,6.3,5.8,16.93,14.30151732,32.24977727,26.5,NA,NA,38.99180618,32.04,NA,NA,21.02048826,17.27276856,26.60478957,21.86145094,16.93,14.30151732
2020,35,37694,24355,20944,14689,3411,1702,6208,64.6,55.6,70.1,14,23.8,3013,3108,17.6,17.7,20944,56.8,43.2,59.1,39,25.2,51.5,16.4,6.9,14.6,12.1,45.6,27.7,2.5,12.3,4.5,56,11.6,13.1,1787,1060,1843,1101,1736,1052,2181,1259,1130,875,1174,885,1138,875,46270,1.5,3.8,13.1,29.8,31.1,9.2,5.8,5.7,16.93,14.30151732,32.24977727,26.5,NA,NA,38.99180618,32.04,NA,NA,21.02048826,17.27276856,26.60478957,21.86145094,16.93,14.30151732
2020,41,9289,5896,5323,3795,573,380,1225,63.5,57.3,71.3,9.7,19.5,2508,2575,15.3,15.3,5323,58,42,66,32.7,26.8,50.1,17,6.1,20.1,15.5,40.5,23.9,2.8,14.9,3.4,59.4,8,11.5,1479,1033,1520,1051,1438,1014,1674,1118,1093,859,1101,894,1094,863,11503,2.1,3.8,13.3,31.7,31.6,8.7,5.9,3,16.93,14.30151732,32.24977727,26.5,NA,NA,38.99180618,32.04,NA,NA,21.02048826,17.27276856,26.60478957,21.86145094,16.93,14.30151732
2020,42,5942,3848,3600,2859,248,131,460,64.8,60.6,79.4,6.4,11.6,2528,2563,14.9,14.9,3600,56.5,43.5,82.9,16.7,29.2,51,14.4,5.4,17.3,16.5,43.2,23,1.5,11.4,2.6,66.8,5.9,11.7,1601,1205,1637,1231,1566,1172,1680,1255,1200,990,1270,1046,1212,1004,7239,1.2,2.2,8.9,29.4,38.7,10.8,5.8,2.9,16.93,14.30151732,32.24977727,26.5,NA,NA,38.99180618,32.04,NA,NA,21.02048826,17.27276856,26.60478957,21.86145094,16.93,14.30151732
2020,43,9407,5852,5304,3858,547,356,1191,62.2,56.4,72.7,9.4,19.2,2606,2681,15.8,15.8,5304,56.8,43.2,82.4,17.2,26.1,48.6,17.1,8.3,21.6,16.2,40.4,21.8,2.7,15.5,3.6,56.7,7.5,13.9,1714,1142,1758,1159,1670,1129,1855,1232,1086,855,1146,816,1106,842,11403,1.2,3.1,11.4,28.4,35.8,10.2,5.6,4.3,16.93,14.30151732,32.24977727,26.5,NA,NA,38.99180618,32.04,NA,NA,21.02048826,17.27276856,26.60478957,21.86145094,16.93,14.30151732
2020,50,2148,1364,1235,758,129,104,294,63.5,57.5,61.4,9.5,20,2364,2445,14.3,14.3,1235,58.8,41.2,42.3,55.5,29.7,48.5,14.6,7.2,23.5,16.3,37.2,22.9,3.1,15.2,3,55.7,11.8,11.2,1424,988,1452,1013,1395,968,1781,1095,1112,855,1238,926,1126,864,2739,0.7,4.5,16.5,32.4,29.6,7.6,5.5,3.1,16.93,14.30151732,32.24977727,26.5,NA,NA,38.99180618,32.04,NA,NA,21.02048826,17.27276856,26.60478957,21.86145094,16.93,14.30151732
2020,51,2699,1781,1612,968,169,90,313,66,59.7,60.1,9.5,16.7,2419,2455,14.2,14.1,1612,60.4,39.6,32.6,66.2,29.6,49.5,14.9,6,23.9,17.9,37.5,20.7,2.1,14.9,2.6,60.9,9.6,9.9,1345,955,1377,982,1312,929,1831,1175,1138,846,1117,867,1135,848,3467,1.3,4.6,17.3,33.6,29.1,7.8,4.1,2.2,16.93,14.30151732,32.24977727,26.5,NA,NA,38.99180618,32.04,NA,NA,21.02048826,17.27276856,26.60478957,21.86145094,16.93,14.30151732
2020,52,5698,3577,3110,1859,467,293,898,62.8,54.6,59.8,13.1,23.2,2107,2157,12.7,12.6,3110,59.7,40.3,35.3,64.2,26.3,50.9,15.9,7,23.4,14.8,42.6,19.2,2.4,12.9,3.1,59.6,10.1,11.9,1236,904,1269,931,1204,877,1473,1024,1102,841,1126,829,1105,840,7109,1.6,5,17.3,35.2,28.7,6.8,3.5,2,16.93,14.30151732,32.24977727,26.5,NA,NA,38.99180618,32.04,NA,NA,21.02048826,17.27276856,26.60478957,21.86145094,16.93,14.30151732
2020,53,2506,1563,1342,930,220,98,382,62.4,53.6,69.3,14.1,23,4144,4215,25.2,25.1,1342,55.7,44.3,40,58.9,25.6,52.2,16.2,5.9,13.5,10,36.5,40,2.5,16.4,5.4,58.5,7.4,9.8,2384,1251,2445,1265,2328,1214,3223,1884,1820,1032,1856,1065,1825,1033,3048,1.6,3.2,11.8,26.9,22.5,11.3,11,11.7,16.93,14.30151732,32.24977727,26.5,NA,NA,38.99180618,32.04,NA,NA,21.02048826,17.27276856,26.60478957,21.86145094,16.93,14.30151732
